ligand_A,ligand_B,lomap_score,alchemical_charge_difference,charge_score,shape_score,volume_score,mapping_rmsd_score,num_heavy_core,num_heavy_dummy_A,num_heavy_dummy_B,difference_num_rings_AB,difference_num_rot_bonds_AB,morgan_tanimoto_similarity,difference_solvent_accessible_surface_area,atom_pair_dice_similarity,topological_torsion_dice_similarity,dataset_name,partner_id,exp DDG (kcal/mol),exp dDDG (kcal/mol),solvent_repeat_0_DG (kcal/mol),solvent_repeat_0_dDG (kcal/mol),solvent_repeat_0_com_drift_max,solvent_repeat_0_ligand_rmsd_max,solvent_repeat_0_smallest_overlap,solvent_repeat_1_DG (kcal/mol),solvent_repeat_1_dDG (kcal/mol),solvent_repeat_1_com_drift_max,solvent_repeat_1_ligand_rmsd_max,solvent_repeat_1_smallest_overlap,solvent_repeat_2_DG (kcal/mol),solvent_repeat_2_dDG (kcal/mol),solvent_repeat_2_com_drift_max,solvent_repeat_2_ligand_rmsd_max,solvent_repeat_2_smallest_overlap,complex_repeat_0_DG (kcal/mol),complex_repeat_0_dDG (kcal/mol),complex_repeat_0_com_drift_max,complex_repeat_0_ligand_rmsd_max,complex_repeat_0_smallest_overlap,complex_repeat_1_DG (kcal/mol),complex_repeat_1_dDG (kcal/mol),complex_repeat_1_com_drift_max,complex_repeat_1_ligand_rmsd_max,complex_repeat_1_smallest_overlap,complex_repeat_2_DG (kcal/mol),complex_repeat_2_dDG (kcal/mol),complex_repeat_2_com_drift_max,complex_repeat_2_ligand_rmsd_max,complex_repeat_2_smallest_overlap,failed,system group,system name
69,70,0.951229424500714,0,1.0,0.0558568955568378,1.0,0.5596147254369167,31,0,0,0,0,0.6857142857142857,2.578770295365132,0.9591836734693876,0.8857142857142857,abbvie_public/merck_pfkfb3/results_data,Abbvie,0.4106788635253888,0.0,-1.3826583823056982,0.0981247123220506,2.395731542037538e-07,2.443915843963623,0.2283628841935027,-1.214248041319722,0.0795901799778685,2.114214936455028e-07,3.036585569381714,0.2294325760666063,-1.1888104495826284,0.0790616059950167,2.3164410833942386e-07,2.959174394607544,0.2283515682812535,-1.225971277809242,0.0864555818708807,28.85402488708496,53.61169052124024,0.2280619089385536,-1.3582536590327938,0.1037753710686273,19.87607383728028,44.41046142578125,0.2268420252692342,-1.251828431024353,0.1019104609446285,29.101806640625,53.61861801147461,0.2282505256983399,,merck,pfkfb3
56,55,0.951229424500714,0,1.0,0.0322163817505446,0.9486327460313698,0.9210608257180226,32,0,0,0,1,0.7821782178217822,24.048006024483527,0.9035728006146754,0.958904109589041,abbvie_public/merck_pfkfb3/results_data,Abbvie,-0.0697841644287127,0.0,1.0198924858084686,0.0315544447655509,2.0926042054725258e-07,2.706963539123535,0.1510843967680987,0.9975277928964256,0.0322003080126194,1.858294353951351e-07,2.9528183937072754,0.1505544607301988,1.013934460210763,0.036344198967486,2.325223249499686e-07,2.6628448963165283,0.1515864332494974,0.1448160515912732,0.031863128566874,29.00792694091797,53.67735290527344,0.1432953706056647,0.1320937138358474,0.0338103033471145,29.45227813720703,53.834075927734375,0.1427686390797502,-0.0858536659414496,0.0344940666956305,45.23569107055664,67.02835083007812,0.1439799734971484,,merck,pfkfb3
48,47,0.951229424500714,0,1.0,0.0518839399366456,0.9767933936304004,0.6017822883121164,29,0,0,0,0,0.7333333333333333,17.968107715620363,0.9171466548515728,0.9333333333333332,abbvie_public/merck_pfkfb3/results_data,Abbvie,-0.327092170715332,0.0,5.681159454241187,0.0353366675686573,1.866392409510809e-07,2.2699642181396484,0.1667934209388368,5.639983387810665,0.0382729297325673,1.984706585744789e-07,2.202726125717163,0.167336532663621,5.625087584215265,0.0355395205692826,1.7788097750326417e-07,2.280939817428589,0.1669645511852828,6.799473759126112,0.041775353767656,29.38441276550293,54.03773880004883,0.1512182921104045,6.970921175291802,0.0377416892675245,29.971933364868164,54.36321258544922,0.150496740388527,6.66339124614114,0.0401796540187476,30.1569881439209,54.57753753662109,0.1541620304335138,,merck,pfkfb3
41,42,0.7046880897187134,0,1.0,0.0646602954212062,0.9310965230363342,0.6091355206668689,29,3,0,0,1,0.6907216494845361,2.85902453789447,0.8353376503237743,0.9105691056910568,abbvie_public/merck_pfkfb3/results_data,Abbvie,-1.0791101455688477,0.0,-6.938166020704792,0.0857376683583171,2.2244968533868814e-07,4.002939224243164,0.1951038301743048,-6.915977075124225,0.0812784216808666,2.038350430666469e-07,3.680197477340698,0.1968655524780853,-7.03423355702198,0.0960676357271865,2.1655566229128453e-07,3.5813589096069336,0.1982716642324325,-6.692180903421973,0.1003193854128997,44.3312873840332,66.60469055175781,0.1545440642600622,-6.842177378682472,0.1057425126585841,28.27967834472656,52.97801971435547,0.1454724795109816,-6.039044804572148,0.0949231956455188,28.62838554382324,53.45714569091797,0.1448189007314249,,merck,pfkfb3
65,70,0.8187307530779817,0,1.0,0.0677381795699366,0.861989838243366,0.7030810829237556,30,0,1,0,1,0.6018518518518519,35.64692606624152,0.8439519852262235,0.8175182481751825,abbvie_public/merck_pfkfb3/results_data,Abbvie,-0.816044807434082,0.0,1.2115977474947068,0.0926153644634511,1.920658689869015e-07,2.4776999950408936,0.135196742901627,1.3825169387213423,0.0913000343547548,2.033382173749488e-07,3.1629631519317627,0.1318872114335882,1.2396346874084383,0.0950260921645639,1.8422993264266557e-07,2.673805952072144,0.1348079354951599,-0.7228953184841684,0.1062912780163904,45.29510116577149,67.30259704589844,0.161063634841717,-0.7345580788588654,0.1084113690900155,28.576919555664062,53.02069091796875,0.1613133753083037,-0.4810337995034329,0.1036089370621642,29.161901473999023,53.87092208862305,0.1619141879350891,,merck,pfkfb3
65,67,0.9048374180359596,0,1.0,0.1692138862083824,0.8892474215520927,0.3729194223183913,30,0,1,0,1,0.6893203883495146,19.14633226831341,0.9367455335586672,0.9852941176470588,abbvie_public/merck_pfkfb3/results_data,Abbvie,-0.755739212036131,0.0,-4.794034838567057,0.0280554403175058,2.138127115358657e-07,2.738964796066284,0.1115603463727103,-4.765061061050113,0.0294598982024499,2.0362614350233346e-07,2.939222574234009,0.1117501562149215,-4.85108338076658,0.0341466092798247,1.997364051931072e-07,2.930894613265991,0.1115847381672389,-6.932681545289481,0.0415798294824453,29.052488327026367,53.473731994628906,0.1241320750016773,-6.936044733509752,0.0392616759096993,28.926210403442383,53.35000991821289,0.1239239355314916,-6.784010237074948,0.0468561974810213,28.88726234436035,53.80556488037109,0.1257689364289183,,merck,pfkfb3
47,44,0.8607079764250578,0,1.0,0.0580426990258512,0.8939416116954795,0.8276409987707257,28,1,0,0,2,0.7790697674418605,42.414258887542985,0.8282828282828283,0.9491525423728814,abbvie_public/merck_pfkfb3/results_data,Abbvie,-1.6152238845825195,0.0,-1.1989026294512248,0.0632517536532611,1.7304759580838438e-07,2.536435842514038,0.2005640270368456,-1.1368137493500363,0.0599318305531191,1.7013705644330917e-07,2.9126782417297363,0.2008372750228573,-1.1844678270751103,0.0613439608941811,1.9775997373017162e-07,2.9024527072906494,0.198502689728026,-4.141861955943758,0.0822942199212719,47.13814163208008,68.79789733886719,0.1436026402581841,-4.05490724437921,0.0849214617472023,47.41557693481445,68.82569885253906,0.1461274950243865,-4.2491033169420325,0.0834153081053558,47.67935180664063,68.58889770507812,0.1510600791813448,,merck,pfkfb3
41,20,0.7408182206817179,0,1.0,0.0827716684403452,1.0,0.6322482837818372,29,3,0,0,1,0.7912087912087912,3.4732574333330604,0.8751156336725254,0.975609756097561,abbvie_public/merck_pfkfb3/results_data,Abbvie,-1.1287603378295898,0.0,-10.099725756742249,0.0365939108947906,2.025325045451609e-07,3.501657485961914,0.1077255883640184,-10.124350248795707,0.0380711389153953,2.310934519300645e-07,2.9594874382019043,0.1056157820738486,-10.094242842603666,0.0387264942021209,2.21692090462966e-07,3.43830680847168,0.1069774502671286,-9.375610855463885,0.0354032924901878,28.47513008117676,53.11215591430664,0.0915274828617365,-9.582594114351153,0.0396186295469747,44.43304443359375,66.67278289794922,0.0926990355407507,-9.543678035831531,0.039562200598676,44.289329528808594,66.64006805419922,0.0911853520713943,,merck,pfkfb3
43,42,0.8607079764250578,0,1.0,0.1144500565667539,0.8996563099344549,0.597369091000884,28,0,1,0,2,0.7282608695652174,32.427104421858246,0.8679435483870968,0.9491525423728814,abbvie_public/merck_pfkfb3/results_data,Abbvie,-0.4691376686096191,0.0,-3.98336393602841,0.0395855171312546,2.293118939178385e-07,3.073211431503296,0.1475818508961661,-3.967005254311592,0.0393020187416386,2.2891562423410505e-07,3.269636869430542,0.1476078686774556,-3.950626923907985,0.039018158538492,2.46173158302554e-07,3.2648415565490723,0.147724196839075,-3.09401709666548,0.0434546382462965,44.025535583496094,66.28372192382812,0.1427380134598222,-3.257362995815998,0.046086197513656,43.8922004699707,66.29393768310547,0.1412739251049455,-3.304677512368292,0.0416855861183421,44.15560150146485,66.35135650634766,0.1406878456783881,,merck,pfkfb3
65,69,0.8607079764250578,0,1.0,0.0606244870235386,0.9272595927515396,0.7988878769392522,30,0,1,0,1,0.6730769230769231,38.22569636160665,0.8836565096952909,0.8759124087591241,abbvie_public/merck_pfkfb3/results_data,Abbvie,-1.2267236709594709,0.0,3.477955689032505,0.0458163206904803,2.109874941425005e-07,2.999148368835449,0.1503853003734155,3.4017984087177746,0.0467019743664428,1.9298138909107365e-07,3.2853105068206787,0.1501949708171665,3.5219849711470217,0.0455041800135236,1.8386212730092666e-07,3.1422059535980225,0.1504214746744743,1.8435944941047195,0.0474559659094776,29.338184356689453,53.72127151489258,0.1477185712623399,1.6604195481018411,0.046757248699569,28.54281997680664,53.26747512817383,0.1479644445310594,1.7592252753644206,0.0516834353954507,29.348068237304688,53.45489883422852,0.1481073950469591,,merck,pfkfb3
26,19,0.7408182206817179,0,1.0,0.1104912390625068,0.9222066656717532,0.6662536554321767,27,3,0,0,1,0.6428571428571429,30.503748244158714,0.8993536472760849,0.9457364341085271,abbvie_public/merck_pfkfb3/results_data,Abbvie,1.6186518669128418,0.0,-45.18176074838522,0.0784206572229273,1.799282358661003e-07,2.9310007095336914,0.095652283899131,-45.100589000400944,0.0732943020772667,1.9212004076507585e-07,2.933497905731201,0.0969595412125818,-45.10092209520735,0.0772241975323615,1.904753190729025e-07,3.119908332824707,0.0960461032113122,-43.214515686074265,0.0747879248748889,30.567846298217773,55.12021255493164,0.0735644314918645,-43.39872923576529,0.0690766142221753,30.50092315673828,54.86077880859375,0.0709239084798983,-43.34143170660876,0.0737979045639,20.88760757446289,45.6364860534668,0.0726584835002791,,merck,pfkfb3
43,60_adjust,0.5488116360940264,0,1.0,0.3012672311453886,0.6718791758069234,0.3228709527186325,27,1,5,1,2,0.6037735849056604,79.3598916207394,0.726649528706084,0.8549618320610687,abbvie_public/merck_pfkfb3/results_data,Abbvie,-0.1460709571838379,0.0,-3.3351096811547865,0.0786907484277938,2.3576586727358525e-07,3.2929415702819824,0.1074195178016714,-3.3992659976129134,0.0876657420794704,2.2790693776642001e-07,3.807710647583008,0.1124790846394611,-3.446725773440549,0.0843810696807129,2.496399531537463e-07,3.457791566848755,0.1111960765262698,-1.6346972886980835,0.0893142849656472,26.735870361328125,51.48274993896485,0.0937238071319192,-1.6994168021793066,0.0879818245308253,42.01482391357422,64.56466674804688,0.095740354128241,-1.4729008311340428,0.1037137066848445,42.0267219543457,64.79330444335938,0.0859981795044983,,merck,pfkfb3
55,35,0.9048374180359596,0,1.0,0.0278325408790444,1.0,0.8652271638923305,31,1,0,0,0,0.6698113207547169,2.64175318157271,0.96,0.9790209790209792,abbvie_public/merck_pfkfb3/results_data,Abbvie,0.4966964721679705,0.0,1.0394462919788978,0.0151997933711471,1.9636151193935802e-07,3.049337863922119,0.1080352084617851,1.0338666979206863,0.0148397387654097,2.519795430089289e-07,3.4786276817321777,0.1079197612056672,1.0037457341151643,0.0141808006386081,1.9715160703981385e-07,3.1895430088043213,0.1078213604422257,2.843226411879241,0.0071723167955405,45.18549728393555,66.9554214477539,0.088864210223875,2.7650963948795155,0.0076196990577254,45.24658966064453,67.32266998291016,0.0885066450407853,2.7113816142034937,0.008205706225119,44.5569953918457,67.22893524169922,0.0890204627260621,,merck,pfkfb3
43,64,0.6703200460356393,0,1.0,0.1108684457009483,0.8012090434371468,0.7732122869745154,27,1,3,1,0,0.6464646464646465,12.445346656373488,0.8906497622820919,0.896,abbvie_public/merck_pfkfb3/results_data,Abbvie,-1.4246134757995603,0.0,-3.736672091273003,0.0559223501456794,2.3756345512993e-07,2.748162269592285,0.1461363137063235,-3.7357467631685433,0.0682408982014544,2.1549001871790097e-07,2.850741147994995,0.1445073774851328,-3.749356061180077,0.0538577610027598,2.34560090461855e-07,3.334677219390869,0.1449140611958564,-2.729837378931342,0.0510521140344327,42.43440246582031,65.07198333740234,0.1217582668077008,-3.289347709966312,0.0710464177097355,27.27815818786621,52.280155181884766,0.1238938500721708,-3.3695347010349512,0.054353760761245,42.67361068725586,65.05413055419922,0.1265379023595115,,merck,pfkfb3
35,23,0.6703200460356393,0,1.0,0.1176588598999603,0.8722545874182364,0.7274077764299318,27,4,0,0,2,0.64,68.27674582098501,0.8558268079226163,0.931297709923664,abbvie_public/merck_pfkfb3/results_data,Abbvie,2.224344253540039,0.0,-9.417227012579852,0.0982914598202652,2.121906703678178e-07,3.2262392044067383,0.0793259038842118,-9.326379759782792,0.1023149190759442,2.159094805165296e-07,3.0946881771087646,0.0757387868173906,-9.530499984172636,0.0907689386078396,1.891124128405864e-07,3.0103371143341064,0.0748312670465357,-6.879916183494719,0.1088129858627185,29.413650512695312,54.24427795410156,0.107197389806955,-6.8776416123927975,0.1243406078448782,45.59627532958984,67.30939483642578,0.1112043774422629,-7.085420864360304,0.096989553073516,29.517314910888672,54.07144165039063,0.1087096069498836,,merck,pfkfb3
43,58,0.6703200460356393,0,1.0,0.1189740544494816,0.738107488990583,0.7833164684849658,27,1,3,1,0,0.6213592233009708,34.02777756281239,0.8468734613490891,0.896,abbvie_public/merck_pfkfb3/results_data,Abbvie,-1.1354889869689924,0.0,-2.837632958348641,0.0572422770094886,2.0426678304374946e-07,3.274821519851685,0.1447198340770186,-2.7822221640759306,0.0548134162204229,2.3613240784925446e-07,3.1541764736175537,0.1444023441279268,-2.852783605582828,0.051206663094051,1.9304309262224706e-07,2.63695764541626,0.1448529236784195,-2.2838171771871374,0.0591663091429916,27.74357032775879,52.42281723022461,0.1283166392658063,-2.1313473089552764,0.050773518981605,42.73510360717773,65.03878784179688,0.1285167854033118,-2.176075730042644,0.0517500620162988,44.509033203125,68.1380844116211,0.1294307540363822,,merck,pfkfb3
38,44,0.6703200460356393,0,1.0,0.1254902827211417,0.8777278791653547,0.6863556235386284,27,3,1,0,3,0.6666666666666666,54.32189713854842,0.7851239669421488,0.9333333333333332,abbvie_public/merck_pfkfb3/results_data,Abbvie,-1.1899147033691406,0.0,-4.19050372171438,0.0714941413468675,2.3741961285850266e-07,3.060401678085327,0.1250974823213748,-4.385241941144706,0.0686250368868004,2.619602526010567e-07,2.997349500656128,0.1262038089774045,-4.339509003869448,0.0653057349453148,2.565584225067141e-07,2.8840456008911133,0.1266789392329134,-4.425608078249878,0.0752508087043312,43.104225158691406,65.41514587402344,0.1010299879972463,-4.30637393319604,0.075169699173752,27.47827911376953,52.37224578857422,0.1010439995231709,-4.46689604454183,0.0706077572102233,43.19001007080078,65.05043029785156,0.1006065472666244,,merck,pfkfb3
56,35,0.9048374180359596,0,1.0,0.0485680510618224,0.9486327460313698,0.8156195686152246,31,1,0,0,1,0.6698113207547169,26.68975920605624,0.9312331924702266,0.9790209790209792,abbvie_public/merck_pfkfb3/results_data,Abbvie,0.4269123077392578,0.0,1.4526945931649982,0.0281737923757278,1.942263025966895e-07,3.015011548995972,0.1010984965359097,1.429176733222029,0.0274169163655338,2.0064729255864225e-07,3.078108310699463,0.1008786715250032,1.4411779991112754,0.0298639110819683,2.0747405926613285e-07,3.170311689376831,0.1010197291770108,2.4025941264519024,0.0263553774438242,29.118793487548828,53.83831024169922,0.0961226628755685,2.2117470103720724,0.0262160009623023,28.96469497680664,54.199462890625,0.098246508866631,1.876485877495348,0.0269174709262752,45.41871643066406,67.19642639160156,0.1005117266466477,,merck,pfkfb3
37,34,0.5488116360940264,0,1.0,0.148168118207064,0.7468744183820237,0.8497072760785699,30,6,0,1,1,0.6752136752136753,119.73380287768668,0.7419675389201722,0.918918918918919,abbvie_public/merck_pfkfb3/results_data,Abbvie,0.0246896743774414,0.0,-28.341530860315903,0.110718202104931,2.1688039453238162e-07,4.455010890960693,0.0399592789911865,-28.64064125321983,0.1076152422066605,2.2535844834692406e-07,4.756258010864258,0.0422552636620721,-28.377299190763868,0.098750991908787,2.0409764545092917e-07,4.743471145629883,0.0439233104657741,-27.799195543124885,0.1414626656728028,28.08948135375977,52.70867156982422,0.0192626522488064,-27.797928985502885,0.1846210484848795,43.57451248168945,65.96043395996094,0.0149862951577581,-28.24053522370749,0.1902074593715428,28.192073822021484,52.81368637084961,0.0137598714961205,,merck,pfkfb3
49,44,0.951229424500714,0,1.0,0.038757775957946,0.9747095107272716,0.7842638084532044,28,0,0,0,1,0.7951807228915663,6.996729621936197,0.9096671949286846,0.9655172413793104,abbvie_public/merck_pfkfb3/results_data,Abbvie,-2.014383316040039,0.0,7.956874779680046,0.0995512546429726,1.9900041081655218e-07,2.849127054214477,0.1347199545970455,8.228900994293763,0.1008597211590756,1.744935644865109e-07,2.9184491634368896,0.1325585157342403,8.104379561516481,0.0998597129006409,1.650807632813667e-07,2.319826602935791,0.1317324572162481,5.7052314756519005,0.0879107184456038,56.78240966796875,76.08507537841797,0.1545295032288555,6.009405968901402,0.0954746859991556,30.343351364135746,55.18465042114258,0.1414959510404405,5.769458341448284,0.1052846812762852,30.718236923217773,55.153564453125,0.1668489428325652,,merck,pfkfb3
54,57,0.9048374180359596,0,1.0,0.0588934152953601,0.9225761293081404,0.8075547932207497,33,0,0,0,2,0.8282828282828283,41.96810614287892,0.8159132007233273,0.945945945945946,abbvie_public/merck_pfkfb3/results_data,Abbvie,-2.294801712036133,0.0,5.6874540351294645,0.0498395495367478,1.819069126440809e-07,3.180039405822754,0.1609622662039107,5.9030655950528255,0.0527532994187701,1.9875601253716013e-07,2.9788389205932617,0.1619955966124917,5.759764684444705,0.0504203247928991,2.082287977600572e-07,3.170086145401001,0.1620121359779439,2.042023424935912,0.0687176273740208,44.639007568359375,66.9705810546875,0.1183319014483752,2.205695413315412,0.0661931222073035,19.709991455078125,44.081581115722656,0.1165467828187849,2.2054517697996223,0.0735099427423659,28.90279960632324,53.61550521850586,0.1208665405303595,,merck,pfkfb3
24,19,0.8187307530779818,0,1.0,0.0919588595268484,0.9688382255034028,0.6389325879218255,27,2,0,0,0,0.6774193548387096,12.27334793693518,0.934320987654321,0.9606299212598424,abbvie_public/merck_pfkfb3/results_data,Abbvie,1.3191218376159668,0.0,-11.443828561875916,0.0403606942259281,1.730938095079182e-07,2.885917901992798,0.1248013896737278,-11.312451078956892,0.0472739914733615,1.6076840836376505e-07,2.696580171585083,0.1275654511499314,-11.353835415039734,0.0437578043138758,1.6919062773013138e-07,2.8339030742645264,0.12635362811525,-9.840261787945364,0.0388477270646862,48.60807037353516,69.6055679321289,0.1439548967492986,-9.783540732827127,0.0363461418729019,31.289594650268555,55.86181640625,0.1446090517745103,-9.57985861796527,0.0405732889886888,48.74285125732422,69.7077407836914,0.1444316077142143,,merck,pfkfb3
33,23,0.8187307530779818,0,1.0,0.060930817144178,0.9646411203972992,0.8224546009004418,27,2,0,0,0,0.6530612244897959,14.141485762032062,0.9328512396694216,0.9606299212598424,abbvie_public/merck_pfkfb3/results_data,Abbvie,0.6924581527709961,0.0,2.2671337314764304,0.0427057784551376,1.8815418911799497e-07,2.629388332366944,0.1291022881966629,2.049742230079876,0.0403944912850663,1.6408549186053278e-07,2.9641201496124268,0.125632807363617,2.1755147931577103,0.039469340417743,1.9967215791893977e-07,2.7062106132507324,0.1265818105386314,3.349094636790939,0.0363672238316274,21.14212417602539,46.11639022827149,0.1400049199456244,3.3356725745590383,0.0345525568397527,48.55897903442383,69.48451232910156,0.1409107299895819,3.2171056781471723,0.0372794674250931,48.31552505493164,69.4527359008789,0.1411070613664228,,merck,pfkfb3
30_flip_b,19,0.7788007830714049,0,1.0,0.2401286025967335,0.7494770106777332,0.3110097966541211,27,2,0,0,2,0.6631578947368421,30.02537237063075,0.8677998111425873,0.8818897637795275,abbvie_public/merck_pfkfb3/results_data,Abbvie,1.6474032402038574,0.0,8.259316983424325,0.0666549415754207,1.98257538386315e-07,2.9536497592926025,0.1693685102065033,8.204149025261376,0.059464581679355,2.1078801637486322e-07,3.2386178970336914,0.1749359605678899,8.148253641552742,0.0576310713825729,1.794727637616234e-07,2.8901901245117188,0.1719277103819487,9.662085873294965,0.0835154319939249,30.96129608154297,55.29057312011719,0.1682474322655015,9.63349763703541,0.0559356049482283,20.86064720153809,45.587215423583984,0.1681288306344758,9.528519571187264,0.0588059519091091,48.2876205444336,69.51609802246094,0.168098286293568,,merck,pfkfb3
62_flip,39,0.6703200460356393,0,1.0,0.0791114183595429,0.8723000772601781,0.846370593757747,27,3,1,1,1,0.6464646464646465,6.658207849992607,0.8543388429752066,0.896,abbvie_public/merck_pfkfb3/results_data,Abbvie,0.4942355155944824,0.0,9.98273694643165,0.0476514858878375,2.067381501547061e-07,3.124295949935913,0.1332229183437328,9.987031218947248,0.0439518402563982,1.795048518715703e-07,3.1041078567504883,0.1328260041894078,9.922938901816792,0.0426255233924344,2.026757925932543e-07,2.6204965114593506,0.1331141238716991,11.631072011630764,0.0510475799380779,54.15304946899414,73.7123794555664,0.1268473972744994,11.45878504666027,0.0449688991958978,45.62797546386719,66.97290802001953,0.1245139280042425,11.50627736415564,0.0431100436912786,29.229223251342773,54.14767837524414,0.1258530011986345,,merck,pfkfb3
43,59,0.6065306597126334,0,1.0,0.131952707191615,0.7359222958995435,0.7671673798988569,27,1,4,1,0,0.6530612244897959,42.35238383320848,0.8167388167388168,0.8888888888888888,abbvie_public/merck_pfkfb3/results_data,Abbvie,-0.1175055503845214,0.0,-8.299081876733844,0.0576969447355992,2.481155831901561e-07,3.427061080932617,0.153953820124923,-8.224496105614163,0.0634266839330671,2.66065001142124e-07,3.333221673965454,0.1524614025790344,-8.291830508634604,0.0606456067228019,2.523256910080818e-07,2.865914821624756,0.1528438417986156,-5.771961300787888,0.0708672213736039,42.19050216674805,64.7027587890625,0.1236824116359251,-5.556645698212241,0.0622515913103202,27.290903091430664,52.0103759765625,0.1193440736730187,-6.439773580622063,0.0624255756430711,42.36874008178711,64.85607147216797,0.1253794667458888,,merck,pfkfb3
67,60_adjust,0.4965853037914094,0,1.0,0.2212409733618248,0.7431124810531423,0.4359357555210062,30,1,2,0,1,0.5603448275862069,47.58284150356821,0.7173566878980892,0.7887323943661971,abbvie_public/merck_pfkfb3/results_data,Abbvie,2.099900245666502,0.0,2.7830476091708034,0.117656820653089,2.053112666544621e-07,3.373871326446533,0.0510545941155527,2.586059847437133,0.1110638888269343,2.407845443030965e-07,3.0814414024353027,0.0520898746604795,2.7441527027401604,0.1256434560504624,2.385358470746724e-07,2.71996545791626,0.0517851461217641,5.503957864935386,0.1295530347233549,43.32400894165039,65.9178466796875,0.0760354181558806,5.780217992569547,0.1717456663238741,19.31626892089844,43.54974365234375,0.0791900465651805,5.443920845127972,0.1309661041416558,43.48698043823242,66.38768768310547,0.0814180340305457,,merck,pfkfb3
54,52,0.9048374180359596,0,1.0,0.0880558898156773,0.9294788466104452,0.4829086816531576,32,1,0,0,1,0.6944444444444444,26.287027345212152,0.9355723098012336,0.9863013698630136,abbvie_public/merck_pfkfb3/results_data,Abbvie,-2.215686798095703,0.0,-0.575463506929709,0.032141114626595,1.853623246006464e-07,3.316613912582397,0.1108155590661134,-0.544091740698192,0.0293047473799016,2.12623476159024e-07,3.3847784996032715,0.1108690308101908,-0.6085913976736098,0.02956825635174,2.1470142996804498e-07,3.292357921600342,0.1110662206756775,-2.08689466825832,0.0501072962777726,44.6153564453125,66.86000061035156,0.1283678153506619,-1.7000089421958562,0.0442914160513742,44.06307220458984,66.29560089111328,0.126750966026408,-2.175789250018948,0.0480984276894289,44.56349563598633,66.87380981445312,0.1285107552245235,,merck,pfkfb3
35,53,0.8187307530779818,0,1.0,0.0853659938204206,0.9478225894872918,0.753654832462526,31,0,2,0,2,0.7075471698113207,45.88972251075143,0.8795660036166365,0.9790209790209792,abbvie_public/merck_pfkfb3/results_data,Abbvie,3.141171932220459,0.0,-0.8802000171312216,0.045323339194245,1.8542904456353426e-07,3.544245958328247,0.0976901462960573,-0.9553501172941196,0.0521981294369253,2.3233079105011717e-07,3.454946994781494,0.0978725223526167,-0.9742939797917824,0.0473463713152969,2.120367099678333e-07,3.304523706436157,0.0976092987872416,1.37561896926273,0.0731653514375768,28.490663528442383,53.54328918457031,0.0968652514302796,1.026354897206921,0.0714434955308621,45.27912521362305,80.22260284423828,0.0955263323122144,0.904788494636731,0.0680285262853402,44.0855827331543,66.3448257446289,0.1031536876044727,,merck,pfkfb3
65,68,0.8607079764250578,0,1.0,0.2132495154743435,0.8884954360630263,0.3092404958823368,30,0,1,0,1,0.6634615384615384,26.71994201904306,0.886685552407932,0.8823529411764706,abbvie_public/merck_pfkfb3/results_data,Abbvie,-0.2903308868408203,0.0,6.378382090505667,0.044522684446746,2.100502314306141e-07,2.698244571685791,0.1715755814210511,6.306642610685814,0.0400650446276356,1.976190588948157e-07,2.904261589050293,0.1722717691866633,6.324461502455196,0.0441089517902869,2.0745379458730895e-07,3.0457956790924072,0.1727487230672306,4.756326804710018,0.0526266511622808,29.13872528076172,53.5382194519043,0.1510921688509097,4.509895048000451,0.0554886230078367,28.27108383178711,53.12226104736328,0.1537265889566622,4.7041116385550525,0.0516061028569251,44.68136215209961,66.84547424316406,0.1506742013189833,,merck,pfkfb3
65,35,0.7408182206817179,0,1.0,0.0650279782046027,0.9080488204636444,0.7342784209000044,30,0,1,0,1,0.6074766355140186,40.51138723877796,0.8261851015801355,0.8175182481751825,abbvie_public/merck_pfkfb3/results_data,Abbvie,-0.6509113311767578,0.0,-3.4116081909934346,0.0912293528146188,1.8721307526448077e-07,3.0617012977600098,0.1492176067836736,-3.162177701052169,0.086877481774347,1.9082038704709706e-07,2.993844509124756,0.1459698829340919,-3.4012125726024296,0.0872203452528533,2.317152194564187e-07,3.152679204940796,0.1484291832559125,-3.92338005150046,0.096179935786892,44.71427536010742,66.60198211669922,0.1747814493288622,-3.984587979545774,0.1141908718566731,45.45321273803711,67.25995635986328,0.1740073075319868,-3.985434300319499,0.0941656608090293,28.831951141357425,53.64743423461914,0.1727712732772581,,merck,pfkfb3
57,35,0.8187307530779818,0,1.0,0.0417241379310344,1.0,0.7657856035060727,31,2,0,0,0,0.7352941176470589,4.027765565996333,0.9208163265306124,0.9722222222222222,abbvie_public/merck_pfkfb3/results_data,Abbvie,0.3355798721313476,0.0,-0.3865637467680179,0.0283068608299493,1.982290740443205e-07,3.1324832439422607,0.1352462015294793,-0.3900681121190679,0.0272153585592186,2.160193730560423e-07,3.5579543113708496,0.1358783167161631,-0.3677957118727083,0.0273016477297737,2.0604339567853458e-07,3.689687728881836,0.1351445207252282,0.0341994003826809,0.0309276973625712,44.46429061889648,66.44810485839844,0.1189605036726651,-0.0115107533807556,0.0290053353360321,43.80221557617188,66.01338958740234,0.1190900118150325,0.0517986608381981,0.0287165707623628,28.39391326904297,53.11259460449219,0.1195548287197966,,merck,pfkfb3
43,63,0.6703200460356393,0,1.0,0.1240794960558953,0.8880863543070829,0.6347252160391144,27,1,3,1,0,0.6666666666666666,2.744094285730398,0.8902109248242294,0.896,abbvie_public/merck_pfkfb3/results_data,Abbvie,-0.563971996307373,0.0,-2.927048694336872,0.0492308877608035,2.226740747346412e-07,3.014589786529541,0.1461754923598109,-2.8039684429252807,0.0508237315466476,2.3190733600131358e-07,2.7714619636535645,0.1472746410292955,-2.8495701791263595,0.0544325592343001,2.5379003432135505e-07,3.4153053760528564,0.1485976576951782,-2.087580467539312,0.0502924255856332,27.19037437438965,52.031551361083984,0.1470485713799154,-1.7472697609531722,0.0474307218970166,42.260066986083984,65.0288314819336,0.1469449627715377,-1.9218783419087293,0.0478365122103416,27.10480690002441,51.87382507324219,0.1476056036689917,,merck,pfkfb3
67,68,0.951229424500714,0,1.0,0.0966512502979447,1.0,0.5960425007216256,31,0,0,0,0,0.7019230769230769,7.573609750729645,0.9416025350837482,0.8840579710144928,abbvie_public/merck_pfkfb3/results_data,Abbvie,0.4654083251953107,0.0,51.99779437930498,0.0378340823568195,1.878330238014314e-07,3.066023826599121,0.1566996756707117,52.01478777887628,0.0327176419698203,1.871667620889639e-07,2.556288957595825,0.1557971286131541,52.072408277587286,0.0327608153467206,2.1888622825372295e-07,2.7540853023529053,0.1560265330966932,52.44917900180851,0.032820361702814,28.91568946838379,53.85963439941406,0.1369756613130511,52.49531760716384,0.0396744732351069,45.01419448852539,67.16008758544922,0.1422851637818093,52.662532573920565,0.0392427568598017,45.10344314575195,67.30389404296875,0.1360692203216538,,merck,pfkfb3
30_flip_b,31,0.9048374180359596,0,1.0,0.2106898430112923,0.8853675698026229,0.2931183076216951,29,0,0,0,0,0.6764705882352942,4.103723969394082,0.9840425531914894,0.9696969696969696,abbvie_public/merck_pfkfb3/results_data,Abbvie,-0.0842819213867187,0.0,2.0679607039580645,0.051559551436818,1.9881090906892498e-07,2.8853254318237305,0.1720356003208571,2.128964678778776,0.0522483159251316,1.967565310678765e-07,2.858927965164185,0.1716951089065584,2.217337566551491,0.0540127383592148,1.8451123651175294e-07,2.890662908554077,0.1699123413615197,-0.8690827468658935,0.0551811011246725,48.292762756347656,69.58633422851562,0.1638466472669959,-0.4935498258705851,0.0552190608992268,48.224609375,69.40550994873047,0.1642907422988837,0.0269249321552721,0.055325674156699,30.698530197143555,55.32449722290039,0.1662842723936677,,merck,pfkfb3
52,53,0.9048374180359596,0,1.0,0.0839758536657631,0.9623944789067967,0.5359946854266965,32,0,1,0,1,0.8235294117647058,26.18087814708832,0.9348869088416724,0.993103448275862,abbvie_public/merck_pfkfb3/results_data,Abbvie,3.397636890411377,0.0,1.084842656622944,0.0263113024798765,2.227552045042103e-07,3.272511005401612,0.0989966306991824,1.1143855935478677,0.0281315081568901,2.161709176107252e-07,3.195258140563965,0.0995721007524469,1.1674029864738606,0.0321297742509878,2.1825589158197545e-07,3.126319408416748,0.0982027591242554,3.720459234645992,0.060316625912543,28.35283660888672,53.010719299316406,0.1032368334476399,2.966071512077955,0.0526008675923938,44.40009689331055,66.61051177978516,0.1058351852999103,3.2623682233967104,0.0690892247887528,28.465394973754883,53.42890930175781,0.1071107574591266,,merck,pfkfb3
23,34,0.7408182206817179,0,1.0,0.0856117915271022,0.9098897313808504,0.8036236033126091,27,0,3,0,1,0.6213592233009708,32.80984414402741,0.8958534233365477,0.9457364341085271,abbvie_public/merck_pfkfb3/results_data,Abbvie,-2.0579137802124023,0.0,-8.56550702898232,0.0729100502516067,1.9539942286428413e-07,2.889949083328247,0.1229596200771514,-8.488299666261451,0.0692099559912995,1.872223123200456e-07,2.916331052780152,0.1220797494547393,-8.49528263366579,0.0747023000179027,1.713235917577549e-07,2.8280091285705566,0.1198197554021271,-10.303805484196213,0.0668743497058343,57.07637786865234,75.56399536132812,0.0993413039077481,-10.364975625611043,0.0760579535488566,57.43207931518555,75.58827209472656,0.0970957130368763,-10.527436014360342,0.0809359242881879,47.63252258300781,68.87095642089844,0.1005916598924737,,merck,pfkfb3
58,64,0.6703200460356392,0,1.0,0.0377218167280055,0.9178983557080804,0.7475882515049455,30,0,0,0,0,0.5963302752293578,21.5824309064389,0.8281397544853636,0.835820895522388,abbvie_public/merck_pfkfb3/results_data,Abbvie,-0.2891244888305682,0.0,0.6308360316234018,0.0615830677480119,1.8351239816638562e-07,3.046140193939209,0.2183097774930679,0.5381240848808541,0.0571626506066446,1.694200477686536e-07,2.882191896438598,0.2183648928982837,0.7194727328304406,0.0598528113971284,1.7974508637053077e-07,2.355287313461304,0.2180853068439578,1.4334612188513227,0.0770482339782083,46.30727767944336,68.26853942871094,0.2097273409447274,1.4480296805761332,0.0646771311442109,29.56600379943848,53.742958068847656,0.2096528333374895,1.7617764039045969,0.0779851226915997,29.971385955810547,54.89668273925781,0.2102244352772469,,merck,pfkfb3
29,36,0.8607079764250578,0,1.0,0.2534049969778343,0.8961307830874838,0.2445872449296625,31,0,1,0,1,0.5132743362831859,3.92538329444875,0.9016208066339992,0.9027777777777778,abbvie_public/merck_pfkfb3/results_data,Abbvie,2.2054820060729963,0.0,56.241466458678936,0.1127694019544198,2.254482183161599e-07,3.2420639991760254,0.0375476107954569,56.46958083079258,0.1217740135478462,1.8115359523562802e-07,3.1753628253936768,0.033975389966739,56.34002593925065,0.1384985302761936,2.1027911145665717e-07,3.256451368331909,0.0326257350939462,58.10877362115868,0.1579825859661179,29.2191219329834,53.95981979370117,0.0177961617096368,55.865303034307225,0.1370169867104931,28.894731521606445,53.34882354736328,0.0316222763779329,56.77736854699428,0.1228655499042064,28.643922805786133,53.25699234008789,0.0345846666143062,,merck,pfkfb3
35,63,0.7046880897187133,0,1.0,0.0600938114794569,0.8860882027583652,0.8595150415712499,30,1,0,0,1,0.625,50.39801080190534,0.7729157070474436,0.8175182481751825,abbvie_public/merck_pfkfb3/results_data,Abbvie,1.5771713256835938,0.0,-0.8972627725990715,0.0912936243744755,2.0118088173148865e-07,2.9268038272857666,0.1811402555528589,-0.9710902634172344,0.0858621750484637,2.3236071911014733e-07,3.01261043548584,0.1827886610886244,-1.0510219752234806,0.0884149317177925,2.000010397296137e-07,2.6185083389282227,0.1785621515438245,-0.6963022893372444,0.0949523110672573,29.12095832824707,53.94221115112305,0.1686778489970286,-1.1685153456476214,0.1140929351656643,45.718299865722656,67.27521514892578,0.1656039221023293,-0.7507767833628965,0.0872809744026314,29.43473052978516,53.67478942871094,0.1710693556156702,,merck,pfkfb3
43,20,0.8913661439068313,0,1.0,0.0945507303631002,0.9014961286220876,0.6674650312081994,28,0,1,0,2,0.7362637362637363,26.09482245063072,0.8679435483870968,0.9491525423728814,abbvie_public/merck_pfkfb3/results_data,Abbvie,-0.5187878608703613,0.0,-4.367776500943512,0.0835393576732047,2.473894653576281e-07,3.626510620117188,0.2001906559444801,-4.193033413629376,0.0915870884642942,2.521772728414362e-07,2.6004281044006348,0.1974580042969313,-4.417483946573261,0.0835948719887502,2.2611898486957219e-07,2.734860181808472,0.197919349763976,-3.0577542505407305,0.0929605118026681,45.40391159057617,68.62718963623047,0.1878279330500767,-3.7827880775977913,0.0940592785768182,43.79087066650391,66.46746826171875,0.1984252164608522,-3.5574409016951765,0.0913447304254725,44.32722473144531,66.14816284179688,0.1945324694734756,,merck,pfkfb3
26,34,0.951229424500714,0,1.0,0.0647875958251478,0.9767532479940156,0.6081523131599548,30,0,0,0,0,0.7623762376237624,7.120984343231953,0.9409722222222222,0.9264705882352942,abbvie_public/merck_pfkfb3/results_data,Abbvie,-0.8029384613037109,0.0,48.09276639212081,0.0284349180265048,1.9852541299769655e-07,3.061889886856079,0.1481371055912554,48.08638822804869,0.0281762030357832,1.6986217588055297e-07,3.1166391372680664,0.1474468820745711,48.056578644816106,0.0273255399957988,1.7745234970334425e-07,2.785231828689575,0.1474700334305331,46.5011381339762,0.0390018303701427,29.981969833374023,54.7279167175293,0.131101297315169,46.84686312520583,0.0274441909331527,30.404905319213867,54.92927932739258,0.1402163627847871,47.140284664030645,0.0268580742384759,20.94194602966309,45.46484375,0.1401919819693048,,merck,pfkfb3
43,47,0.7408182206817179,0,1.0,0.1370376779179157,0.8294020590236719,0.7048613463479576,27,1,2,0,2,0.6526315789473685,41.2452024553732,0.8225108225108225,0.9491525423728814,abbvie_public/merck_pfkfb3/results_data,Abbvie,-0.3357863426208496,0.0,-1.8480293043278533,0.0517798724596773,2.309001985167925e-07,3.175265073776245,0.1305443620684521,-1.9312781203446687,0.0515920205576215,2.522770046198275e-07,2.6191422939300537,0.1294843982066996,-1.922085277769517,0.047543992108821,2.232044948868861e-07,3.218499183654785,0.1303861066069027,1.996139141409168,0.0700146903822523,43.8686752319336,66.19205474853516,0.1005646219571248,1.513047612789248,0.0767782651101304,44.06865310668945,66.16969299316406,0.1054841657958523,2.8195520975154644,0.0807165451861975,43.56803894042969,65.6837387084961,0.1034162507487075,,merck,pfkfb3
26,37,0.522045776761016,0,1.0,0.1730551787048375,0.7243175867140236,0.6297145213850002,30,0,6,1,1,0.552,112.61281853445472,0.7394848386044995,0.8513513513513513,abbvie_public/merck_pfkfb3/results_data,Abbvie,-0.8276281356811523,0.0,75.6339262182755,0.1063762422638558,1.8327459372358135e-07,4.819779396057129,0.0375143594084666,75.843148653701,0.1083690577872951,2.045223936875118e-07,4.428958892822266,0.0360535685262066,75.64043496202216,0.108232337322713,1.9132986039949174e-07,4.685760021209717,0.0413504389765584,73.15328050614217,0.1520194433610595,43.98555374145508,66.52350616455078,0.0162299989301609,72.87382579803646,0.1470738767624769,27.779970169067383,52.80777359008789,0.020927126952588,73.7846939166533,0.1520363794283718,28.23715782165528,52.87181091308594,0.0168748055015032,,merck,pfkfb3
24,33,0.951229424500714,0,1.0,0.0700966975976265,0.9744883043434912,0.6643574197216168,29,0,0,0,0,0.75,7.558942418003767,0.937283950617284,0.9242424242424242,abbvie_public/merck_pfkfb3/results_data,Abbvie,0.2629871368408203,0.0,33.326733939267406,0.0296306858492255,2.098852007748065e-07,2.7190728187561035,0.1463384921301089,33.22995065223956,0.0257211623930163,1.767579504985406e-07,2.937833309173584,0.1467550701370227,33.22694833615156,0.0292535343285086,1.7794951645555557e-07,2.9635329246521,0.1463619374189763,32.22230633294969,0.0284526851999703,31.187030792236328,55.69895553588867,0.1389813114523188,32.405901791406734,0.0245108382895348,48.63222122192383,69.68323516845703,0.1365123530528295,32.10267858701346,0.0317024258833483,31.08209228515625,55.50503158569336,0.1364947361107709,,merck,pfkfb3
43,39,0.8187307530779818,0,1.0,0.0930144889076858,0.9014959769359032,0.7391284149928945,27,1,1,0,1,0.7362637362637363,6.823641428954204,0.9096671949286846,0.9655172413793104,abbvie_public/merck_pfkfb3/results_data,Abbvie,0.8001627922058105,0.0,6.697325465793918,0.0445235491599032,2.2699907731293933e-07,2.733375072479248,0.1288906713509292,6.747213543137886,0.0429621772868725,2.255761302194515e-07,2.766845703125,0.1282309364856052,6.717891536546144,0.0433532858476983,2.466230171194184e-07,3.5833239555358887,0.128511164774989,9.28149810777644,0.0350979697586914,43.76533889770508,66.13802337646484,0.1329446566448591,9.634238476295238,0.036190914896432,28.634031295776367,53.22673416137695,0.1331400519037474,9.514148744963428,0.0340475513576702,28.153194427490234,52.83020782470703,0.1332968764353525,,merck,pfkfb3
31,23,0.8187307530779818,0,1.0,0.0828694640821107,0.8884941052545123,0.8089462847067426,27,2,0,0,2,0.6464646464646465,35.348728644337314,0.8958534233365477,0.9606299212598424,abbvie_public/merck_pfkfb3/results_data,Abbvie,1.3680086135864258,0.0,8.807963023377248,0.0496020714322784,1.863164840187892e-07,2.9070820808410645,0.1296213851815815,8.894872182358458,0.0515066853859335,1.904593034396385e-07,2.7345519065856934,0.1279775154666034,9.001947659418407,0.0458666252839919,1.930937116867426e-07,2.7287018299102783,0.1281500658479284,10.80771086887619,0.0520742523440521,48.43523406982422,69.548828125,0.1242439342471827,11.138346987801205,0.0575983180815331,31.020620346069336,55.73530197143555,0.1237464012704931,10.920572348366688,0.0521195353612263,31.30409240722656,56.11030578613281,0.1244437864281985,,merck,pfkfb3
38,39,0.8187307530779818,0,1.0,0.0899413239678453,0.913151296882825,0.7451486972625472,28,2,0,0,2,0.7127659574468085,46.32919927742444,0.8529801324503311,0.9666666666666668,abbvie_public/merck_pfkfb3/results_data,Abbvie,1.561258316040039,0.0,3.2803486255683616,0.0975954066275287,1.7891413506276876e-07,3.1278889179229736,0.0746149647450601,3.4790221439134705,0.092443320667974,2.0792141697256739e-07,3.0174899101257324,0.0762382551930147,3.169323791567277,0.0979207005659973,1.957484130343801e-07,3.420891523361206,0.0772101568522391,4.382328008181977,0.1040805652823578,29.96630859375,54.9294319152832,0.0638154033117597,5.288691753329501,0.0937234239497016,46.469459533691406,68.05037689208984,0.0625572254984548,4.791246404427858,0.0950149768470745,46.492095947265625,67.952880859375,0.0638282643866104,,merck,pfkfb3
35,36,0.7408182206817179,0,1.0,0.2501594480278428,0.935685465564148,0.2236828840681961,30,1,2,0,1,0.5625,8.136253703379111,0.927391471379178,0.9722222222222222,abbvie_public/merck_pfkfb3/results_data,Abbvie,2.698272228240967,0.0,-6.764596164124174,0.1249659113764881,1.6827148385800688e-07,3.29770827293396,0.0272370484223954,-7.772642553811702,0.1148973905756339,1.9122894912015909e-07,3.2937350273132324,0.0332665815521039,-6.767785762764623,0.1451756950718565,1.8140907798169797e-07,3.2928290367126465,0.0249212003836641,-5.347572304869499,0.1521837467097188,28.60055351257324,53.42195510864258,0.0328728535722365,-4.808780729359106,0.1435443138681681,28.639554977416992,52.98822784423828,0.0262273141526244,-10.041343270229122,0.1651643921573642,43.85163497924805,66.79542541503906,0.0214967215683937,,merck,pfkfb3
29,19,0.6703200460356393,0,1.0,0.184545967670801,0.8367047387050373,0.5067149878532227,27,4,0,0,2,0.6956521739130435,70.91130257571223,0.8600441501103753,0.931297709923664,abbvie_public/merck_pfkfb3/results_data,Abbvie,2.095230579376219,0.0,-82.97061517782427,0.1080580705296604,1.7468946111875996e-07,3.061510801315308,0.0758953869487648,-82.78764319777063,0.1026737605664305,1.8524943357078882e-07,3.062082529067993,0.0782780140164634,-82.69145180414324,0.1059109231522176,1.7918256389748421e-07,2.9452109336853027,0.07394064286286,-80.09635189571603,0.1032584167694506,55.01668548583984,74.36521911621094,0.0954234580061501,-79.79660319679134,0.1026805946211403,29.51126289367676,54.03963088989258,0.0875260082609733,-79.89388952432489,0.1061446621129593,29.44719696044922,54.39239883422852,0.0886335271819318,,merck,pfkfb3
49,47,0.8607079764250578,0,1.0,0.0745395580111454,0.93761304997377,0.6534205670027793,28,0,1,0,1,0.75,35.41752926560679,0.8744228993536473,0.9491525423728814,abbvie_public/merck_pfkfb3/results_data,Abbvie,-0.3991594314575195,0.0,4.069556254420067,0.0656611237331518,1.800292750431254e-07,2.3937363624572754,0.1303196513269787,4.087597540308453,0.0753604456539866,1.9214313340398808e-07,3.015772581100464,0.1296630689972836,4.141370589983101,0.0708715625783355,1.776566733724394e-07,2.8455729484558105,0.1274511180549613,4.553569383075473,0.0735951080391352,48.89641952514648,71.78253173828125,0.1061314253822875,5.173205544672895,0.0831179434029863,46.64838790893555,68.23960876464844,0.0981950112199981,5.025639252667345,0.0830959618482731,47.04946899414063,68.49668884277344,0.1041639392608729,,merck,pfkfb3
65,29,0.7046880897187133,0,1.0,0.1557955669108419,0.8954006652753709,0.484257905026931,30,0,1,0,1,0.4482758620689655,52.57302423660582,0.7699779249448123,0.7445255474452555,abbvie_public/merck_pfkfb3/results_data,Abbvie,-0.1581211090087873,0.0,-83.80576489930581,0.0936328083493163,2.030516697004714e-07,2.958816766738892,0.1329618873448,-83.93760807243522,0.0985289824697364,2.3650548541809258e-07,2.8093903064727783,0.136153445795847,-83.98613495779317,0.0948203456589691,2.110857479920015e-07,2.654393434524536,0.1354255159591575,-83.67803782758467,0.1043480645446023,28.939685821533203,53.62862014770508,0.164374611566092,-83.3533406006404,0.0974227956882164,44.85578536987305,67.02672576904297,0.1576738819407453,-83.2407253942332,0.1024592574719689,29.012836456298828,53.72770309448242,0.1608252273604079,,merck,pfkfb3
29,64,0.7788007830714048,0,1.0,0.1556296782621681,0.8954006652753709,0.4620199404369546,30,1,0,0,1,0.4482758620689655,52.75839542909012,0.7682119205298014,0.7445255474452555,abbvie_public/merck_pfkfb3/results_data,Abbvie,0.2237396240234357,0.0,87.01743051532858,0.0968192249912713,1.787505539141421e-07,2.803729295730591,0.1667030938266873,86.91754962699386,0.0965563808447045,1.90502490227118e-07,2.7286975383758545,0.1643581143589741,87.17043677619637,0.1045869359808236,2.013366042774578e-07,2.5289289951324463,0.1653447738680576,86.63965426912881,0.0950871113112135,46.24586486816406,67.88629913330078,0.1541394869267838,87.15846455947802,0.0997974581034479,29.24208068847656,54.050872802734375,0.1652751815676627,86.3375609509818,0.1012159506592973,46.2505111694336,68.01746368408203,0.1640214277998542,,merck,pfkfb3
47,46,0.548811636094026,0,1.0,0.20229042762253,0.735485105380712,0.305883106666013,27,2,4,0,2,0.741573033707865,19.7130616750756,0.816824966078697,0.935483870967742,pfkfb3_extra_runs/results_data,OpenFE,0.47409200668335,0.0,-10.541877267515,0.0325827071547489,2.4122348918354e-07,2.24528622627258,0.143009603670144,-10.4401219380425,0.0336726188435754,2.45499364837087e-07,2.78259801864624,0.143501637953363,-10.5767832423382,0.0343444640451113,2.62832656972023e-07,2.31464648246765,0.143283914464916,-11.1864792074176,0.0453002566829503,44.3821487426758,66.4546279907227,0.132551461982822,-11.10515203317,0.0439130577933549,27.7496280670166,52.7654724121094,0.133456968311783,-11.2147506395392,0.0464770780328678,43.0713081359863,66.0450057983398,0.131495628003124,,merck,pfkfb3
48,46,0.548811636094026,0,1.0,0.196254952292124,0.714313750050483,0.323041366778368,27,2,4,0,2,0.758620689655172,1.74495395945524,0.835538752362949,0.903225806451613,pfkfb3_extra_runs/results_data,OpenFE,0.146999835968018,0.0,-13.965689915896,0.046328155082886,2.35226565337143e-07,2.51580381393433,0.138258626511687,-13.9062053185719,0.0468929877201981,2.4041361257332e-07,2.88887214660645,0.13832757415922,-13.9456854764912,0.0443796525933402,2.4831697942318e-07,2.96795868873596,0.137446360142477,-13.2309640758188,0.0649962111915315,28.2569046020508,53.2135467529297,0.114970728564258,-13.3307450703849,0.056652304590535,43.419708251953104,66.1290130615234,0.11884206735298,-13.6413765127204,0.059721269226043,43.8549919128418,66.1202392578125,0.119177837276341,,merck,pfkfb3
