ligand name,DG (kcal/mol),uncertainty (kcal/mol),Exp DG (kcal/mol),Exp dDG (kcal/mol),partner_id,dataset_name
76d999c7-4d5f-4653-814e-e868c5c23785,-9.623671824143203,0.3476562034512372,-10.327357550073456,0.0,ASAP,MERS
3969880d-6a34-4516-b4c3-a346f9373695,-9.95347257231018,0.8445282412489946,-9.945362323882742,0.0,ASAP,MERS
dde3702a-1427-46c1-bb14-8c34aa13c2aa,-10.108664699056485,0.445471994305626,-9.83621616129466,0.0,ASAP,MERS
b4cb63e2-9ae3-4fda-afb8-e0d173351a56,-9.497433359530788,0.7420169878488955,-10.218216823332517,0.0,ASAP,MERS
1128a101-957b-4cc3-a401-f71fa237b4e3,-8.660589286262898,0.744828553877079,-9.249593644305232,0.0,ASAP,MERS
79312212-d1ec-48d1-9824-fb26415ccdb8,-11.504320755170747,0.4766660311241865,-9.904434256774882,0.0,ASAP,MERS
a3a92475-5e73-4f5f-a7e6-bb2eec518bf2,-10.51588416383408,0.498401769293905,-10.231848412176442,0.0,ASAP,MERS
2fc6f0f1-70ea-4cd0-889a-de41887f8670,-9.698082458369312,0.8392382164301185,-9.617942065543376,0.0,ASAP,MERS
15679142-0fb4-474f-92f8-308764560f0f,-8.744680063365571,0.5131207695691107,-9.71343683878996,0.0,ASAP,MERS
bcb13868-834a-466a-9273-3d7f6e6ced08,-9.207779707937537,0.3880592438715622,-10.50469081005411,0.0,ASAP,MERS
1626f972-0a41-49c1-813c-fc6573cf9e34,-9.378044452788211,0.8184824908847259,-9.95899992485579,0.0,ASAP,MERS
08743daa-e4dd-4e3b-97b2-1aaf7bfca484,-10.657666715035392,0.4869362400081615,-9.290520865361968,0.0,ASAP,MERS
731f6eca-a120-4d86-b58b-d3d9a3c3cc94,-10.31871253037011,0.4292775431333743,-8.99038684381035,0.0,ASAP,MERS
46e0b46a-7609-4a98-8e87-fe6452efd4f6,-9.27171059177662,0.3726983548243301,-10.327357550073456,0.0,ASAP,MERS
a5014621-dddc-4c4a-b71b-274e39e3cfe2,-10.597206440146396,0.5222507860752004,-10.027220310480685,0.0,ASAP,MERS
d272749f-3206-4c11-8298-9343164a7edd,-9.245985622539886,0.7484550929393665,-8.840320861827792,0.0,ASAP,MERS
ligand0,-7.058108444969556,0.1855340587913288,-7.817135428170031,0.0,ASAP,SARS2-Mpro
ligand1,-7.777546786912644,0.306994344057995,-7.680710636706371,0.0,ASAP,SARS2-Mpro
ligand14,-6.218470179070437,0.2236464549276079,-6.671167871520393,0.0,ASAP,SARS2-Mpro
ligand10,-6.626617138013231,0.2793537826760544,-7.244151662641804,0.0,ASAP,SARS2-Mpro
ligand33,-7.273636519612324,0.1831758313229983,-7.244151662641804,0.0,ASAP,SARS2-Mpro
ligand28,-6.899163473578253,0.3572183015801048,-5.852619690527927,0.0,ASAP,SARS2-Mpro
ligand29,-8.28053081356842,0.247792665639523,-8.240051854364895,0.0,ASAP,SARS2-Mpro
ligand32,-8.506685819100394,0.2985975295751857,-8.635683771476723,0.0,ASAP,SARS2-Mpro
ligand17,-6.867782355723634,0.3327632732020201,-6.821235065171199,0.0,ASAP,SARS2-Mpro
ligand13,-8.80787075002849,0.2678260817951275,-8.362834382757317,0.0,ASAP,SARS2-Mpro
ligand20,-5.918691679028168,0.2954591916885583,-5.7571223911444855,0.0,ASAP,SARS2-Mpro
ligand21,-8.431955832006471,0.4404531556600621,-7.735280588707539,0.0,ASAP,SARS2-Mpro
ligand9,-5.864419369753987,0.3388626286052104,-6.234608850430903,0.0,ASAP,SARS2-Mpro
ligand25,-6.74078565819798,0.302750100382288,-7.87170514395808,0.0,ASAP,SARS2-Mpro
ligand15,-7.281193444408496,0.3660004434736378,-7.89899024103573,0.0,ASAP,SARS2-Mpro
ligand5,-7.500305000350925,0.326069133759725,-7.094084509546078,0.0,ASAP,SARS2-Mpro
ligand30,-7.063840220409009,0.289017524749002,-6.466530828305928,0.0,ASAP,SARS2-Mpro
ligand31,-6.141109453161121,0.3681223071073549,-5.825334741651654,0.0,ASAP,SARS2-Mpro
ligand7,-5.975745972422557,0.3008368056541005,-6.753022690388513,0.0,ASAP,SARS2-Mpro
ligand23,-6.519242845288973,0.3256678699490908,-7.025872104057307,0.0,ASAP,SARS2-Mpro
ligand11,-6.932815246289164,0.3166356526733126,-8.076342531345466,0.0,ASAP,SARS2-Mpro
ligand27,-7.124479498578432,0.3113712637267118,-8.471973952731325,0.0,ASAP,SARS2-Mpro
ligand18,-9.143536320030886,0.211328647197822,-7.271436631771423,0.0,ASAP,SARS2-Mpro
ligand3,-6.72855388375931,0.3176764480532811,-6.261893785855326,0.0,ASAP,SARS2-Mpro
ligand6,-6.273636657005194,0.3637235967360802,-6.780307657676248,0.0,ASAP,SARS2-Mpro
ligand12,-7.394391055236059,0.3636981074396915,-7.980844835243613,0.0,ASAP,SARS2-Mpro
ligand24,-7.826175654930721,0.188050441709641,-7.721637991932623,0.0,ASAP,SARS2-Mpro
ligand19,-8.828235968493777,0.2939751157619788,-8.362834382757317,0.0,ASAP,SARS2-Mpro
ligand2,-7.240617336919284,0.1923695279878583,-6.316463674220518,0.0,ASAP,SARS2-Mpro
ligand16,-7.316234137466148,0.2793274367859876,-6.30282120491579,0.0,ASAP,SARS2-Mpro
ligand26,-7.422242531907605,0.2524720851792038,-6.49381579184478,0.0,ASAP,SARS2-Mpro
ligand8,-6.4567648663466,0.3035891110907858,-8.499258544427791,0.0,ASAP,SARS2-Mpro
ligand4,-7.453455356977209,0.1929414544602576,-7.053157035821797,0.0,ASAP,SARS2-Mpro
ligand22,-7.655979617738691,0.2138759474624155,-6.725737751535417,0.0,ASAP,SARS2-Mpro
ligand7,-9.566278734917937,0.1152294622140059,-10.639220678986057,0.0,AbbVie,results_data_A
ligand13,-8.523775728216622,0.1822169431538683,-9.714672176495236,0.0,AbbVie,results_data_A
ligand16,-7.065978682939669,0.2110027973848814,-9.301649519546594,0.0,AbbVie,results_data_A
ligand8,-13.333895521061775,0.2227379776943767,-10.452237843831796,0.0,AbbVie,results_data_A
ligand18,-9.41542167161672,0.1742433027221296,-8.879390368106826,0.0,AbbVie,results_data_A
ligand17,-6.533572166152608,0.2107751778353287,-9.11014238085693,0.0,AbbVie,results_data_A
ligand12,-11.799158885759956,0.1901909371007517,-9.811376698560553,0.0,AbbVie,results_data_A
ligand14,-10.528867905136542,0.3535077544632198,-9.639778720322749,0.0,AbbVie,results_data_A
ligand19,-10.641807593273375,0.2201326575841319,-8.80242908559863,0.0,AbbVie,results_data_A
ligand5,-10.33578958627719,0.1641113318299357,-10.83634383081098,0.0,AbbVie,results_data_A
ligand15,-8.75584276296567,0.2155679878186975,-9.493259244151105,0.0,AbbVie,results_data_A
ligand11,-8.727598384366338,0.3089211304640375,-9.85139893231556,0.0,AbbVie,results_data_A
ligand9,-13.438403862947892,0.3088800895617368,-10.329894490344117,0.0,AbbVie,results_data_A
ligand20,-5.519210446161031,0.3566542515442399,-8.584428591985958,0.0,AbbVie,results_data_A
ligand1,-13.495194273091917,0.1657922959169208,-12.037991143120008,0.0,AbbVie,results_data_A
ligand3,-10.84041000032721,0.1315708876316334,-11.83863640692541,0.0,AbbVie,results_data_A
ligand10,-8.272102034884924,0.2201571511257487,-9.902862249334818,0.0,AbbVie,results_data_A
ligand6,-11.847347324245288,0.3453780334323974,-10.80595332586512,0.0,AbbVie,results_data_A
ligand4,-12.915866826855344,0.2890610809457914,-11.05363803919656,0.0,AbbVie,results_data_A
ligand2,-11.566772478277038,0.1613631483840001,-12.037991143120008,0.0,AbbVie,results_data_A
ligand13,-9.854060933365927,0.1775148374295798,-10.056698383428998,0.0,AbbVie,results_data_B
ligand16,-10.249622112920097,0.1701936296120083,-9.917008567517684,0.0,AbbVie,results_data_B
ligand1,-12.051070664539107,0.1923404572349731,-12.122776239268449,0.0,AbbVie,results_data_B
ligand17,-10.83851130868036,0.2947858028239956,-9.727329212155327,0.0,AbbVie,results_data_B
ligand4,-12.67533670511644,0.275109923910298,-11.553154592242588,0.0,AbbVie,results_data_B
ligand19,-12.418388846063149,0.2387892483375273,-9.651621847321056,0.0,AbbVie,results_data_B
ligand6,-12.670329769146504,0.2811430116774695,-11.290131925592505,0.0,AbbVie,results_data_B
ligand3,-13.455143915480845,0.2933025314826676,-11.811073997801287,0.0,AbbVie,results_data_B
ligand10,-10.582822555418655,0.2758525343808726,-10.463210100916914,0.0,AbbVie,results_data_B
ligand15,-10.808823791000387,0.2114445766931045,-9.987068625748698,0.0,AbbVie,results_data_B
ligand2,-11.415804424929966,0.2029555598018569,-11.897934349835722,0.0,AbbVie,results_data_B
ligand9,-8.944714780481709,0.2892144239446664,-11.160162751194838,0.0,AbbVie,results_data_B
ligand5,-12.08385954757516,0.1994752819284871,-11.324655376692215,0.0,AbbVie,results_data_B
ligand18,-8.80000453412785,0.2436169782991179,-9.722551081825996,0.0,AbbVie,results_data_B
ligand8,-10.951093877205178,0.2205619577981488,-11.236718757423196,0.0,AbbVie,results_data_B
ligand14,-8.881562853215438,0.2266179714763139,-10.04839238361902,0.0,AbbVie,results_data_B
ligand20,-8.04255055605675,0.2979745213289602,-8.941814887928171,0.0,AbbVie,results_data_B
ligand12,-8.570886125877003,0.1866102397741268,-10.153398569329047,0.0,AbbVie,results_data_B
ligand11,-8.897183845669337,0.2222010559169265,-10.187167534052492,0.0,AbbVie,results_data_B
ligand7,-10.28768859995809,0.1756783802062511,-11.226590562933929,0.0,AbbVie,results_data_B
Ligand5,-8.890754970305226,0.2146394545004168,-8.939695082626786,0.0,Genentech,GNE_Private
Ligand10,-10.199391246988096,0.2196915931647926,-10.635506027634973,0.0,Genentech,GNE_Private
REF1_Ligand,-7.594660791150543,0.2765512433950559,-6.226201476748741,0.0,Genentech,GNE_Private
Ligand4,-7.040305574971202,0.2144400851434867,-8.303061272655881,0.0,Genentech,GNE_Private
Ligand8,-8.303253066310868,1.4023515870136325,-9.394282213199968,0.0,Genentech,GNE_Private
REF2_Ligand,-9.243464527320764,0.322403655250581,-11.999753040669212,0.0,Genentech,GNE_Private
Ligand11,-7.747020888891333,0.3234000769058787,-10.243637381141069,0.0,Genentech,GNE_Private
Ligand1,-10.45010349788123,0.374880183509795,-9.72812932699632,0.0,Genentech,GNE_Private
Ligand2,-7.773192792481605,0.3570453819178744,-8.077459299796637,0.0,Genentech,GNE_Private
Ligand3,-10.540902888410884,0.3696186425571306,-8.459231134250482,0.0,Genentech,GNE_Private
Ligand9,-12.792889018757291,0.3220753018605622,-11.607884394175308,0.0,Genentech,GNE_Private
Ligand6,-12.122700596130688,0.2257451019631878,-7.986127342010842,0.0,Genentech,GNE_Private
Ligand7,-7.726988698480491,0.2242952466109739,-8.824660566174108,0.0,Genentech,GNE_Private
ligand12,-11.410893548540528,0.0714487187976812,-12.3958023117586,0.0,Merck,merck_private_G
ligand4,-11.227364285638986,0.0669806322827632,-11.247023103229276,0.0,Merck,merck_private_G
ligand10,-10.560501003024507,0.0660044644746713,-11.75952106648106,0.0,Merck,merck_private_G
ligand27,-9.915950735668153,0.0712576329034395,-10.303942095661023,0.0,Merck,merck_private_G
ligand31,-12.52411235763843,0.0766522660316655,-12.883536105327147,0.0,Merck,merck_private_G
ligand16,-10.137836702507418,0.0668990175253213,-10.71462136807932,0.0,Merck,merck_private_G
ligand15,-11.774427923315065,0.0750582249454361,-11.336625176721318,0.0,Merck,merck_private_G
ligand25,-10.998938576172492,0.064958375427417,-11.487255077417426,0.0,Merck,merck_private_G
ligand8,-12.789713668251618,0.0705664685402013,-10.71462136807932,0.0,Merck,merck_private_G
ligand14,-10.64539159882506,0.0713639999367444,-9.997068609118404,0.0,Merck,merck_private_G
ligand17,-10.21696017250924,0.0650323551261432,-12.806481584176897,0.0,Merck,merck_private_G
ligand19,-10.416762103346546,0.0686365183240012,-10.599586851626649,0.0,Merck,merck_private_G
ligand3,-10.747252832456947,0.0736490969078307,-11.456864572471565,0.0,Merck,merck_private_G
ligand1,-10.058305960450012,0.0699417114796658,-9.75264944471346,0.0,Merck,merck_private_G
ligand28,-9.86214029314211,0.0743695931317775,-8.939695082626786,0.0,Merck,merck_private_G
ligand13,-10.87055011808977,0.0641137946620577,-12.037991143120008,0.0,Merck,merck_private_G
ligand32,-9.536893764633284,0.1147835176990484,-9.744362806840371,0.0,Merck,merck_private_G
ligand11,-10.079502020053944,0.115658428082009,-8.79079506622443,0.0,Merck,merck_private_G
ligand7,-10.36730134186099,0.0994064475191736,-8.983602940781672,0.0,Merck,merck_private_G
ligand23,-9.90410434989148,0.1161459174980929,-8.79079506622443,0.0,Merck,merck_private_G
ligand20,-6.80257911379246,0.262127722030889,-6.903745744132326,0.0,Merck,merck_private_G
ligand22,-6.794943776802664,0.4857867779356357,-7.805193310733003,0.0,Merck,merck_private_G
ligand29,-11.13156859807754,0.1140582967632299,-8.774561586380376,0.0,Merck,merck_private_G
ligand18,-10.535450345198296,0.1268544261810864,-9.9039385165694,0.0,Merck,merck_private_G
ligand26,-6.793143553296398,0.54857442964094,-8.288783836020336,0.0,Merck,merck_private_G
ligand9,-10.156631766183512,0.0892803213236829,-9.235339838592406,0.0,Merck,merck_private_G
ligand30,-7.991158295186542,0.1344361706405909,-8.459231134250482,0.0,Merck,merck_private_G
ligand24,-7.187217055160841,0.2059167501764433,-8.508224731354717,0.0,Merck,merck_private_G
ligand6,-11.525013944506636,0.0706024483854345,-10.371087636076272,0.0,Merck,merck_private_G
ligand33,-10.382891388229735,0.0635585280188498,-11.668189108695264,0.0,Merck,merck_private_G
ligand0,-10.973220088997996,0.0727526406171527,-10.919930777006687,0.0,Merck,merck_private_G
ligand5,-10.252619849162857,0.1338743352041867,-9.9039385165694,0.0,Merck,merck_private_G
ligand2,-10.146094681841785,0.1886919864721078,-10.303942095661023,0.0,Merck,merck_private_G
ligand34,-11.08108502396272,0.2600482444570089,-11.216632598283416,0.0,Merck,merck_private_G
ligand21,-11.490210451395132,0.0818316359105462,-10.283151016807254,0.0,Merck,merck_private_G
ligand1,-10.083205385262008,0.1502437049254956,-9.68939102616232,0.0,Merck,merck_private_T
ligand29,-10.4872944011668,0.1536954533663022,-9.350374355045082,0.0,Merck,merck_private_T
ligand9,-7.6335604815286,0.3190583934024908,-5.867667324555256,0.0,Merck,merck_private_T
ligand5,-7.084819630137603,0.4151390186168637,-7.621410395052533,0.0,Merck,merck_private_T
ligand30,-7.017481402730778,0.2944306284031481,-8.906770782159725,0.0,Merck,merck_private_T
ligand15,-9.153969758902004,0.2211517017254041,-6.851999889356454,0.0,Merck,merck_private_T
ligand20,-8.707860101714708,0.2292368332464069,-9.198191865151474,0.0,Merck,merck_private_T
ligand11,-10.15587579768356,0.2093326070993404,-8.890970247128298,0.0,Merck,merck_private_T
ligand23,-10.38159254615367,0.1928324652458009,-9.08527922446396,0.0,Merck,merck_private_T
ligand8,-9.444336772203098,0.1742855009459439,-8.245934932481067,0.0,Merck,merck_private_T
ligand4,-7.014703347379936,0.3077492265812748,-6.501640933226354,0.0,Merck,merck_private_T
ligand26,-10.801963518172888,0.2207809379475029,-11.046185300053269,0.0,Merck,merck_private_T
ligand12,-5.856310693569895,0.1672083282278078,-9.317450054578025,0.0,Merck,merck_private_T
ligand3,-9.845836208498982,0.3693076424261249,-11.62731187070171,0.0,Merck,merck_private_T
ligand32,-9.510260018352838,0.4567890212577934,-11.867543844889862,0.0,Merck,merck_private_T
ligand25,-10.430619744267007,0.4263704780690379,-9.82347814728472,0.0,Merck,merck_private_T
ligand17,-8.141392911189095,0.340656867771344,-10.80595332586512,0.0,Merck,merck_private_T
ligand31,-9.245503956867744,0.420458941760416,-5.867667324555256,0.0,Merck,merck_private_T
ligand7,-9.58643890271324,0.4207378849234601,-10.18890757920835,0.0,Merck,merck_private_T
ligand0,-9.370676649575673,0.4767347084358234,-9.612153611061022,0.0,Merck,merck_private_T
ligand19,-9.553974885650332,0.4870851534134491,-8.04200500019483,0.0,Merck,merck_private_T
ligand2,-9.087065793917812,0.4888138943072703,-8.826405736654468,0.0,Merck,merck_private_T
ligand14,-6.477615076881787,0.4780716964710279,-5.867667324555256,0.0,Merck,merck_private_T
ligand28,-9.726702686002753,0.4807323908729024,-7.53378137785166,0.0,Merck,merck_private_T
ligand18,-7.083789841207092,0.2343982973833564,-9.124419817492472,0.0,Merck,merck_private_T
ligand16,-11.065613596399658,0.2461021177656525,-10.599586851626649,0.0,Merck,merck_private_T
ligand34,-9.462065736517827,0.2576703443787443,-10.50329683185562,0.0,Merck,merck_private_T
ligand33,-10.239707980226076,0.2589768898299884,-9.667308285690122,0.0,Merck,merck_private_T
ligand22,-11.467362621731052,0.375216953657297,-11.867543844889862,0.0,Merck,merck_private_T
ligand24,-11.456224607658154,0.4064659441786311,-11.867543844889862,0.0,Merck,merck_private_T
ligand6,-7.565572546233776,0.234327291957422,-5.867667324555256,0.0,Merck,merck_private_T
ligand10,-8.88180808520059,0.3418757646000782,-9.104526367721672,0.0,Merck,merck_private_T
ligand27,-7.554407393726912,0.5040141432387166,-9.567775713254578,0.0,Merck,merck_private_T
ligand13,-8.371218197020173,0.3966634056287168,-8.637885600841194,0.0,Merck,merck_private_T
ligand21,-8.403635460768957,0.3386574805498447,-8.906770782159725,0.0,Merck,merck_private_T
ligand3,-7.452950027442153,0.2591448352674346,-7.103688935017015,0.0,Roche,target_A
ligand0,-6.856377788371578,0.4633833217206651,-7.103688935017015,0.0,Roche,target_A
ligand16,-8.105032465772403,0.247286333237913,-7.103588879144741,0.0,Roche,target_A
ligand14,-7.927653865458785,0.5225539011288202,-7.103608890322511,0.0,Roche,target_A
ligand11,-5.597298055545805,0.2717942437553586,-7.103658918313415,0.0,Roche,target_A
ligand13,-6.713595405044473,0.5856915685343781,-7.10371895180978,0.0,Roche,target_A
ligand4,-8.267996694500422,0.908514805080431,-8.336227572485514,0.0,Roche,target_A
ligand26,-6.214543287311555,0.4452910697543069,-7.1037489685962,0.0,Roche,target_A
ligand18,-9.412762851242238,0.7355240406641769,-7.103658918313415,0.0,Roche,target_A
ligand6,-9.238958601549788,0.3717635092953448,-7.925277968741439,0.0,Roche,target_A
ligand9,-10.998526741725332,0.4755791447890997,-10.76851652788147,0.0,Roche,target_A
ligand20,-8.230017424684661,0.4738940424322561,-7.514638538698237,0.0,Roche,target_A
ligand5,-7.820908868214965,0.4814653428453273,-8.336517734529519,0.0,Roche,target_A
ligand22,-8.315200121866154,0.527107333009412,-7.103728957458987,0.0,Roche,target_A
ligand28,-6.168517130838822,0.493647956909742,-7.103668923903183,0.0,Roche,target_A
ligand25,-6.723831651493397,0.5019214019996372,-7.103598884792275,0.0,Roche,target_A
ligand1,-7.145012473558976,0.2936881750399682,-7.925688197968917,0.0,Roche,target_A
ligand17,-7.88350710384583,0.294841151910061,-7.10371895180978,0.0,Roche,target_A
ligand10,-5.636982088651337,0.91353555497516,-7.103598884792275,0.0,Roche,target_A
ligand15,-7.215378936116898,1.3248004462945293,-7.103688935017015,0.0,Roche,target_A
ligand27,-10.527320693371124,0.5477528489673443,-9.569246478145391,0.0,Roche,target_A
ligand19,-9.12072867686764,0.6071745429385924,-7.514728588998476,0.0,Roche,target_A
ligand29,-6.879139302573883,0.5589394522637295,-7.103638907068202,0.0,Roche,target_A
ligand2,-9.45622411081014,0.6789479217083138,-8.747137153630584,0.0,Roche,target_A
ligand21,-4.033395434826096,0.4421624327337627,-7.103578873570756,0.0,Roche,target_A
ligand30,-9.931436234235033,0.6602534959566145,-9.967819166550733,0.0,Roche,target_A
ligand23,-7.0673787042614,0.500636483773059,-7.103608890322511,0.0,Roche,target_A
ligand12,-7.722145396494052,0.5535629370532847,-9.977264443727371,0.0,Roche,target_A
ligand8,-7.749123393304162,0.3527535990501998,-8.335967427130988,0.0,Roche,target_A
ligand12,-10.626773138523838,0.1857727917562446,-10.776106181201357,0.0,Roche,target_B
ligand5,-10.156470748603576,0.1604470603293688,-10.337011512253165,0.0,Roche,target_B
ligand13,-9.932524396591788,0.2456097457171594,-9.92790055031685,0.0,Roche,target_B
ligand14,-9.72461911126723,0.3651704383626498,-8.770460444668519,0.0,Roche,target_B
ligand0,-8.594581236545373,0.2303952280094659,-7.588950724799552,0.0,Roche,target_B
ligand16,-8.102700846916175,0.1614968975884229,-10.522260376854218,0.0,Roche,target_B
ligand10,-8.580024240120254,0.1713981333593016,-10.86346092991811,0.0,Roche,target_B
ligand8,-7.890034785457214,0.3944405447691549,-6.458287052001886,0.0,Roche,target_B
ligand9,-5.769667007091593,0.4181534369501581,-6.569136360700577,0.0,Roche,target_B
ligand3,-9.433179195261122,0.4529676676684744,-5.523085821195558,0.0,Roche,target_B
ligand15,-6.254852582741908,0.3370569723731341,-6.301777337540782,0.0,Roche,target_B
ligand4,-8.724858997190228,0.4849113333476343,-5.523085821195558,0.0,Roche,target_B
ligand1,-10.4353939178799,0.2453416668206131,-10.827573758498568,0.0,Roche,target_B
ligand6,-8.443367725283105,0.3698887018259797,-10.34990442112101,0.0,Roche,target_B
ligand2,-9.695694269332586,0.2680942620504993,-10.23190462250329,0.0,Roche,target_B
ligand7,-9.713305529785652,0.4330425444846895,-10.439865942791462,0.0,Roche,target_B
ligand11,-9.407678063112163,0.35351831288237,-10.474953934143231,0.0,Roche,target_B
ligand9,-4.396638702095392,0.2967692624206212,-7.222859613155143,0.0,Roche,target_C_set1
ligand17,-5.321977070487754,0.2109746994307499,-6.825048099549733,0.0,Roche,target_C_set1
ligand19,-9.673163677159806,0.7350494923155244,-10.801036410096769,0.0,Roche,target_C_set1
ligand2,-5.316872406693642,0.8635863990290729,-8.918740582188828,0.0,Roche,target_C_set1
ligand12,-4.184594407092892,0.1354394001384131,-5.0027951228769005,0.0,Roche,target_C_set1
ligand21,-10.53265070543485,0.4546996137248108,-10.009681924959349,0.0,Roche,target_C_set1
ligand15,-5.175443377803871,0.3602727473165112,-6.988445195463807,0.0,Roche,target_C_set1
ligand3,-10.753201364751884,0.3988689668053873,-9.717653831323084,0.0,Roche,target_C_set1
ligand8,-10.623429963969144,0.2077995109313647,-11.218610847031812,0.0,Roche,target_C_set1
ligand14,-7.280276851197122,0.2129331059743883,-7.615607807638982,0.0,Roche,target_C_set1
ligand26,-9.722070000075387,0.6310574281974266,-9.022059847303291,0.0,Roche,target_C_set1
ligand22,-10.835882031850543,0.7791113537941422,-10.587854092988868,0.0,Roche,target_C_set1
ligand13,-8.700247114754031,0.5520027963403551,-8.214738592618382,0.0,Roche,target_C_set1
ligand6,-9.27551771721992,0.2629306751928508,-10.006215213661976,0.0,Roche,target_C_set1
ligand23,-7.650722371272385,0.2215024767091575,-8.347014708329136,0.0,Roche,target_C_set1
ligand0,-7.431845786941436,0.622297879401789,-8.429267748566353,0.0,Roche,target_C_set1
ligand20,-7.320470934645208,0.4597528009670689,-9.09290321688177,0.0,Roche,target_C_set1
ligand5,-11.268921290863574,0.255807573569119,-10.426184510115135,0.0,Roche,target_C_set1
ligand11,-9.997870537292272,0.3722031676254925,-10.535561302358603,0.0,Roche,target_C_set1
ligand7,-21.20512336169136,0.952563716442384,-12.49807276391761,0.0,Roche,target_C_set1
ligand25,-19.16511738803023,0.75844904469377,-14.053149402760694,0.0,Roche,target_C_set1
ligand4,-10.721563474999789,0.6177793979308561,-10.207673236444649,0.0,Roche,target_C_set1
ligand1,-10.602233045664544,0.4067973242914314,-10.454143379427004,0.0,Roche,target_C_set1
ligand16,-9.188478720954508,0.3736394079420615,-10.006215213661976,0.0,Roche,target_C_set1
ligand10,-8.186998349692843,0.3961180028847923,-8.482712631907045,0.0,Roche,target_C_set1
ligand24,-9.654693937382678,0.2836792415251357,-11.419552951757195,0.0,Roche,target_C_set1
ligand18,-8.742841756516686,0.2152979810119484,-6.825048099549733,0.0,Roche,target_C_set1
ligand4,-10.011216220766151,0.1572832869151625,-8.954999419186908,0.0,Roche,target_C_set2
ligand0,-10.048171178688094,0.0906780566047387,-10.365896575830812,0.0,Roche,target_C_set2
ligand3,-10.489092293977112,0.0946076792453454,-11.485697954445705,0.0,Roche,target_C_set2
ligand2,-10.96660814018603,0.281837023263723,-10.426184510115135,0.0,Roche,target_C_set2
ligand1,-9.37305367858064,0.1017960781798667,-9.655363052619473,0.0,Roche,target_C_set2
ligand4,-11.900375953449874,0.1364088405882552,-11.8645888016085,0.0,Roche,target_C_set3
ligand2,-11.736190232884116,0.1043002247347948,-11.95690413712994,0.0,Roche,target_C_set3
ligand6,-11.708763599233292,0.114319540540656,-11.6831895288857,0.0,Roche,target_C_set3
ligand8,-12.526062089223004,0.1872712004817658,-11.16829768379256,0.0,Roche,target_C_set3
ligand9,-12.707639478974732,0.1075922999305501,-12.118236102495128,0.0,Roche,target_C_set3
ligand3,-11.635245833356947,0.141014448736382,-12.26649035867038,0.0,Roche,target_C_set3
ligand7,-11.418888824905522,0.1452263530758488,-11.619464273196778,0.0,Roche,target_C_set3
ligand0,-10.485571645078808,0.1400764434773512,-11.581713612114251,0.0,Roche,target_C_set3
ligand1,-10.538246267224462,0.1438866704938373,-11.134685047552797,0.0,Roche,target_C_set3
ligand5,-13.379889752254252,0.1617498481329001,-12.643304131138995,0.0,Roche,target_C_set3
ligand3,-10.35989749717521,0.1119561668233299,-10.142019907816632,0.0,Roche,target_C_set4
ligand1,-10.372899067492526,0.1107283885344107,-11.220595723091574,0.0,Roche,target_C_set4
ligand2,-13.947793499197967,0.2711350191346821,-12.62175684931121,0.0,Roche,target_C_set4
ligand0,-11.58796020639464,0.1879763203897946,-12.284177790040928,0.0,Roche,target_C_set4
ligand34,-9.807578889158204,0.3486993058317599,-9.705430792598706,0.0,Roche,target_C_set5
ligand22,-11.07382472237584,0.3458022573573107,-10.177004001786136,0.0,Roche,target_C_set5
ligand48,-7.769760671526078,0.4855914004013873,-8.211213437650109,0.0,Roche,target_C_set5
ligand2,-9.12120079408364,0.8643898243092801,-11.7008111980108,0.0,Roche,target_C_set5
ligand54,-10.015858310811044,0.487626351052991,-9.44398186941342,0.0,Roche,target_C_set5
ligand32,-9.369924634988172,0.4096544648621694,-9.538868275290124,0.0,Roche,target_C_set5
ligand18,-10.72285822069105,0.144535509820409,-10.888464004826243,0.0,Roche,target_C_set5
ligand43,-10.778762790691944,1.5055636827630956,-11.445131813833786,0.0,Roche,target_C_set5
ligand24,-12.65361821035613,0.3464923084461455,-11.732969436589372,0.0,Roche,target_C_set5
ligand11,-10.348870587711833,0.1129926417276096,-10.341728952888396,0.0,Roche,target_C_set5
ligand19,-12.939430186035814,0.2038778897008134,-11.676714219081015,0.0,Roche,target_C_set5
ligand15,-12.569513721672736,0.1989239739349053,-11.80571210645835,0.0,Roche,target_C_set5
ligand9,-12.8080402758343,0.4280124755383658,-11.00264786075991,0.0,Roche,target_C_set5
ligand55,-8.868925747722361,0.1099807497904501,-9.299664904217812,0.0,Roche,target_C_set5
ligand12,-9.068139304483124,0.2527948401295521,-11.343924878294416,0.0,Roche,target_C_set5
ligand52,-10.035516155168018,0.347148392014058,-10.743676945799445,0.0,Roche,target_C_set5
ligand47,-8.936201056894124,0.1700700186703838,-10.202836597751103,0.0,Roche,target_C_set5
ligand8,-10.733194837064786,0.1114999282046075,-10.777045887900666,0.0,Roche,target_C_set5
ligand25,-12.690562639306046,0.2047989957911714,-12.02625838448223,0.0,Roche,target_C_set5
ligand56,-8.82233052442687,0.2098077210042317,-8.7307006256084,0.0,Roche,target_C_set5
ligand50,-11.62719235099014,0.3666706267781423,-11.516006618801656,0.0,Roche,target_C_set5
ligand14,-10.045392191976784,0.2628196178635211,-8.075891291374658,0.0,Roche,target_C_set5
ligand29,-11.319207778672752,0.1519873637944654,-10.763563891096227,0.0,Roche,target_C_set5
ligand40,-11.11375354379172,0.1983931849442629,-11.087591778769566,0.0,Roche,target_C_set5
ligand39,-9.659380580242,0.1419715208929817,-11.343924878294416,0.0,Roche,target_C_set5
ligand13,-10.504501475659048,0.208007064730288,-10.183702699910777,0.0,Roche,target_C_set5
ligand35,-8.558643505723339,0.195130695524064,-9.924433426984256,0.0,Roche,target_C_set5
ligand26,-11.053952692635146,0.4242166423891546,-10.697930547456316,0.0,Roche,target_C_set5
ligand33,-10.011298751444508,0.2889480965840643,-10.130224014760367,0.0,Roche,target_C_set5
ligand31,-10.747135363071356,0.2875157482723763,-11.707556830076827,0.0,Roche,target_C_set5
ligand7,-10.127116716054177,0.2700109148995617,-10.756254809046895,0.0,Roche,target_C_set5
ligand5,-13.302762459046438,0.2769666358444293,-11.62337507914317,0.0,Roche,target_C_set5
ligand51,-11.798576235105882,0.2126438759350986,-10.130224014760367,0.0,Roche,target_C_set5
ligand4,-12.38215109148441,0.2150048868555058,-10.756254809046895,0.0,Roche,target_C_set5
ligand30,-10.283471475663088,0.165267580599206,-10.92353252031556,0.0,Roche,target_C_set5
ligand49,-9.543448816055978,0.2022570966604929,-10.204444427637975,0.0,Roche,target_C_set5
ligand45,-11.26141819698458,0.3892111546220421,-10.28725127503802,0.0,Roche,target_C_set5
ligand0,-14.361939277361753,0.2904135672564688,-11.348841794062762,0.0,Roche,target_C_set5
ligand17,-10.461784000356229,0.3058179998880451,-10.382090902530974,0.0,Roche,target_C_set5
ligand10,-10.20146568951168,0.4255794028376555,-8.247952681981715,0.0,Roche,target_C_set5
ligand27,-10.409378575396271,0.1579583781196718,-11.629290119450108,0.0,Roche,target_C_set5
ligand6,-8.858383457307049,0.2386171679809341,-11.629290119450108,0.0,Roche,target_C_set5
ligand37,-13.72988183418801,0.212951295988189,-11.93992632936172,0.0,Roche,target_C_set5
ligand23,-12.90632735222422,0.2150435523197676,-11.709822549662835,0.0,Roche,target_C_set5
ligand44,-11.605588973084448,0.2436256499107945,-11.60028832923612,0.0,Roche,target_C_set5
ligand22,-10.75241043587282,0.1552750328965193,-11.083633948756733,0.0,Roche,target_C_set6
ligand14,-10.584533436308266,0.1230612423873761,-11.214660932737695,0.0,Roche,target_C_set6
ligand3,-10.263238698521764,0.2508250736669863,-10.223901719978477,0.0,Roche,target_C_set6
ligand10,-10.571400617725583,0.1396114267715368,-9.989677327718423,0.0,Roche,target_C_set6
ligand24,-10.89103555620945,0.1372441993538834,-10.783665900343683,0.0,Roche,target_C_set6
ligand5,-11.98528118744786,0.1451899179952664,-11.220595723091574,0.0,Roche,target_C_set6
ligand2,-9.861455750132318,0.1470386148336914,-9.2950598250916,0.0,Roche,target_C_set6
ligand17,-5.317114285422205,0.3604865773197335,-8.508807287349551,0.0,Roche,target_C_set6
ligand12,-10.093464969986009,0.2505337528508061,-11.029391626387785,0.0,Roche,target_C_set6
ligand7,-10.156504174265953,0.2003391684863152,-10.844191428315913,0.0,Roche,target_C_set6
ligand21,-9.99517668169877,0.1399646223303526,-9.47168118468378,0.0,Roche,target_C_set6
ligand6,-9.807619005536164,0.1671433694019119,-8.291470205983316,0.0,Roche,target_C_set6
ligand9,-10.897791212581875,0.1859405580727945,-9.950653853768596,0.0,Roche,target_C_set6
ligand4,-10.95482532748586,0.2128857052757835,-8.440787398296433,0.0,Roche,target_C_set6
ligand0,-9.73540918129107,0.2214584529790529,-8.281019771417258,0.0,Roche,target_C_set6
ligand11,-9.67554795205548,0.1519543243926527,-11.22458553580991,0.0,Roche,target_C_set6
ligand8,-10.306361058888792,0.139286158505627,-11.121083647964491,0.0,Roche,target_C_set6
ligand13,-9.841178293768875,0.4558543681740593,-11.331808199377717,0.0,Roche,target_C_set6
ligand16,-9.817686776257514,0.3483944271611174,-10.369194711304107,0.0,Roche,target_C_set6
ligand23,-10.010105713184691,0.5448489684796917,-10.551412567460677,0.0,Roche,target_C_set6
ligand1,-9.202974274194814,0.4816695451323329,-11.070371717423818,0.0,Roche,target_C_set6
ligand18,-10.852071365817196,0.1352467444366018,-10.517993491490971,0.0,Roche,target_C_set6
ligand20,-14.09886495689833,0.1738551417034381,-10.401478141022132,0.0,Roche,target_C_set6
ligand15,-10.090043382084424,0.4745937891357326,-10.698342138268083,0.0,Roche,target_C_set6
ligand25,-10.33322931233416,0.198714261507593,-9.07264534785824,0.0,Roche,target_C_set6
ligand19,-9.43812905002894,0.3561038262200968,-10.545339024098263,0.0,Roche,target_C_set6
ligand0,-9.337239373113,0.4199185107833741,-9.857941412494169,0.0,Roche,target_D
ligand12,-8.30049504373975,0.4418833366669215,-6.993223246271332,0.0,Roche,target_D
ligand7,-9.149003695212604,0.4361215476571106,-9.390466164447982,0.0,Roche,target_D
ligand2,-10.098805302962452,0.6989701271057952,-7.809556304199403,0.0,Roche,target_D
ligand1,-8.500215037526779,0.81528426494439,-8.833084664719243,0.0,Roche,target_D
ligand9,-7.94685502076146,0.4511719277414394,-8.833084664719243,0.0,Roche,target_D
ligand4,-7.776973835895336,0.8134760200468953,-6.882849750954989,0.0,Roche,target_D
ligand11,-10.44055287724354,0.8797101295082107,-9.555085596380282,0.0,Roche,target_D
ligand6,-9.455396614397678,0.6147794161695811,-8.236270658565576,0.0,Roche,target_D
ligand3,-5.385737604397175,0.7159444607944135,-5.933406109561377,0.0,Roche,target_D
ligand8,-6.682645309119246,1.2441098663296024,-6.782175274743762,0.0,Roche,target_D
ligand5,-7.1125224875056805,1.2383554042656313,-5.933406109561377,0.0,Roche,target_D
ligand10,-6.72760627236671,1.7370639905875909,-11.873498517622629,0.0,Roche,target_D
