Ligand name,Exp. dG (kcal/mol),Exp. dG error (kcal/mol),Pred. dG (kcal/mol),Pred. dG std. error (kcal/mol),system group,system name
meta methyl ethyl benzene,-5.079999923706055,0.0,-5.119999885559082,0.1199999973177909,fragments,t4_lysozyme
methyl benzene,-5.480000019073486,0.0,-4.920000076293945,0.1299999952316284,fragments,t4_lysozyme
ethyl benzene,-5.71999979019165,0.0,-5.639999866485596,0.1199999973177909,fragments,t4_lysozyme
ortho methyl ethyl benzene,-4.53000020980835,0.0,-5.690000057220459,0.1199999973177909,fragments,t4_lysozyme
m-xylene,-4.71999979019165,0.0,-4.400000095367432,0.1199999973177909,fragments,t4_lysozyme
p-xylene,-4.630000114440918,0.0,-4.860000133514404,0.1299999952316284,fragments,t4_lysozyme
o-xylene,-4.570000171661377,0.0,-5.039999961853027,0.1199999973177909,fragments,t4_lysozyme
butyl benzene,-6.659999847412109,0.0,-5.960000038146973,0.1199999973177909,fragments,t4_lysozyme
propyl benzene,-6.510000228881836,0.0,-6.710000038146973,0.1199999973177909,fragments,t4_lysozyme
para methyl ethyl benzene,-5.380000114440918,0.0,-6.320000171661377,0.1299999952316284,fragments,t4_lysozyme
benzene,-5.159999847412109,0.0,-4.309999942779541,0.1199999973177909,fragments,t4_lysozyme
isobutyl benzene,-6.440000057220459,0.0,-5.900000095367432,0.1199999973177909,fragments,t4_lysozyme
2_3E63,-7.90701150894165,0.0,-7.440000057220459,0.1500000059604644,fragments,jak2_set1
9,-8.363882064819336,0.0,-7.800000190734863,0.1500000059604644,fragments,jak2_set1
8,-8.774560928344727,0.0,-8.510000228881836,0.1700000017881393,fragments,jak2_set1
5,-7.789802551269531,0.0,-7.099999904632568,0.1500000059604644,fragments,jak2_set1
10,-7.143977165222168,0.0,-7.559999942779541,0.1500000059604644,fragments,jak2_set1
4a,-6.864231586456299,0.0,-6.869999885559082,0.1599999964237213,fragments,jak2_set1
4b,-6.864231586456299,0.0,-6.769999980926514,0.1599999964237213,fragments,jak2_set1
6,-6.198638439178467,0.0,-7.400000095367432,0.1700000017881393,fragments,jak2_set1
3,-5.235617160797119,0.0,-6.0,0.1500000059604644,fragments,jak2_set1
1_3E62,-5.986692905426025,0.0,-5.699999809265137,0.1500000059604644,fragments,jak2_set1
7,-8.860579490661621,0.0,-8.819999694824219,0.1700000017881393,fragments,jak2_set1
4,-5.400000095367432,0.0,-5.78000020980835,0.209999993443489,fragments,p38
1_1W7H,-3.940000057220459,0.0,-3.799999952316284,0.209999993443489,fragments,p38
6,-5.039999961853027,0.0,-5.510000228881836,0.2300000041723251,fragments,p38
5_1WBW,-5.940000057220459,0.0,-5.989999771118164,0.2300000041723251,fragments,p38
7,-6.300000190734863,0.0,-6.150000095367432,0.209999993443489,fragments,p38
3,-4.090000152587891,0.0,-3.4800000190734863,0.2300000041723251,fragments,p38
IBT,-9.09000015258789,0.0,-8.890000343322754,0.1500000059604644,fragments,mup1
MT,-5.639999866485596,0.0,-5.510000228881836,0.1599999964237213,fragments,mup1
PT,-8.199999809265137,0.0,-7.960000038146973,0.1500000059604644,fragments,mup1
SBT_R,-8.420000076293945,0.0,-8.770000457763672,0.1500000059604644,fragments,mup1
SBT_S,-8.420000076293945,0.0,-9.140000343322754,0.1500000059604644,fragments,mup1
IPT,-7.849999904632568,0.0,-7.579999923706055,0.1599999964237213,fragments,mup1
ET,-6.960000038146973,0.0,-6.730000019073486,0.1599999964237213,fragments,mup1
13_3E64,-9.696937561035156,0.0,-8.529999732971191,0.3000000119209289,fragments,jak2_set2
21,-8.340335845947266,0.0,-9.25,0.3000000119209289,fragments,jak2_set2
20,-8.067665100097656,0.0,-9.68000030517578,0.3499999940395355,fragments,jak2_set2
18,-8.325143814086914,0.0,-8.020000457763672,0.3100000023841858,fragments,jak2_set2
14,-7.789802551269531,0.0,-7.800000190734863,0.2800000011920929,fragments,jak2_set2
12,-7.434834003448486,0.0,-6.639999866485596,0.3300000131130218,fragments,jak2_set2
15,-7.379123210906982,0.0,-7.510000228881836,0.3700000047683716,fragments,jak2_set2
22-flip,-10.107617378234863,0.0,-9.710000038146973,0.2800000011920929,fragments,jak2_set2
10,-8.3100004196167,0.0,-9.0,0.1700000017881393,fragments,hsp90_single_ring
3,-8.3100004196167,0.0,-8.020000457763672,0.1700000017881393,fragments,hsp90_single_ring
9,-7.360000133514404,0.0,-7.78000020980835,0.1599999964237213,fragments,hsp90_single_ring
8,-8.029999732971191,0.0,-7.409999847412109,0.1599999964237213,fragments,hsp90_single_ring
11,-8.119999885559082,0.0,-8.300000190734863,0.1700000017881393,fragments,hsp90_single_ring
12,-8.59000015258789,0.0,-8.199999809265137,0.1599999964237213,fragments,hsp90_single_ring
2,-6.929999828338623,0.0,-6.940000057220459,0.1599999964237213,fragments,hsp90_single_ring
18,-8.960000038146973,0.0,-10.5,0.1700000017881393,fragments,hsp90_2rings
17,-9.920000076293944,0.0,-9.039999961853027,0.1700000017881393,fragments,hsp90_2rings
19,-10.260000228881836,0.0,-9.9399995803833,0.1700000017881393,fragments,hsp90_2rings
15,-9.880000114440918,0.0,-9.539999961853027,0.1700000017881393,fragments,hsp90_2rings
14,-8.720000267028809,0.0,-9.90999984741211,0.1700000017881393,fragments,hsp90_2rings
16,-8.119999885559082,0.0,-6.929999828338623,0.1700000017881393,fragments,hsp90_2rings
2,-5.329999923706055,0.0,-5.960000038146973,0.2300000041723251,fragments,mcl1
3,-6.389999866485596,0.0,-7.909999847412109,0.2199999988079071,fragments,mcl1
4,-5.809999942779541,0.0,-6.170000076293945,0.2399999946355819,fragments,mcl1
5,-6.039999961853027,0.0,-5.690000057220459,0.209999993443489,fragments,mcl1
7,-5.880000114440918,0.0,-5.099999904632568,0.2300000041723251,fragments,mcl1
8,-6.369999885559082,0.0,-5.760000228881836,0.209999993443489,fragments,mcl1
9,-5.480000019073486,0.0,-5.449999809265137,0.2399999946355819,fragments,mcl1
10,-5.039999961853027,0.0,-5.170000076293945,0.209999993443489,fragments,mcl1
11,-5.550000190734863,0.0,-6.599999904632568,0.209999993443489,fragments,mcl1
14,-5.610000133514404,0.0,-5.159999847412109,0.2300000041723251,fragments,mcl1
15,-5.309999942779541,0.0,-5.730000019073486,0.2300000041723251,fragments,mcl1
13 flipped,-5.210000038146973,0.0,-3.319999933242798,0.2199999988079071,fragments,mcl1
12,-9.050000190734863,0.0,-9.56999969482422,0.2199999988079071,fragments,liga
9,-6.380000114440918,0.0,-6.179999828338623,0.1800000071525573,fragments,liga
5,-4.800000190734863,0.0,-4.679999828338623,0.1800000071525573,fragments,liga
6,-5.300000190734863,0.0,-5.440000057220459,0.2199999988079071,fragments,liga
11,-9.079999923706056,0.0,-8.260000228881836,0.2199999988079071,fragments,liga
10,-6.539999961853027,0.0,-6.510000228881836,0.1800000071525573,fragments,liga
8,-5.829999923706055,0.0,-5.989999771118164,0.209999993443489,fragments,liga
3,-6.03000020980835,0.0,-5.130000114440918,0.1800000071525573,fragments,liga
7,-5.25,0.0,-5.489999771118164,0.1899999976158142,fragments,liga
13,-10.670000076293944,0.0,-12.130000114440918,0.2399999946355819,fragments,liga
4,-6.5,0.0,-6.050000190734863,0.2300000041723251,fragments,liga
CAT-13n,-8.543000221252441,0.0,-7.679999828338623,0.0799999982118606,jacs_set,bace
CAT-13e,-9.963000297546388,0.0,-10.520000457763672,0.0799999982118606,jacs_set,bace
CAT-4a,-7.933000087738037,0.0,-8.670000076293945,0.0900000035762786,jacs_set,bace
CAT-4m,-9.152999877929688,0.0,-9.050000190734863,0.0799999982118606,jacs_set,bace
CAT-17b,-10.02299976348877,0.0,-8.819999694824219,0.0799999982118606,jacs_set,bace
CAT-13j,-8.732999801635742,0.0,-9.06999969482422,0.0900000035762786,jacs_set,bace
CAT-13d,-10.472999572753906,0.0,-10.630000114440918,0.0799999982118606,jacs_set,bace
CAT-13b,-9.123000144958496,0.0,-9.630000114440918,0.0799999982118606,jacs_set,bace
CAT-13a,-8.843000411987305,0.0,-9.279999732971191,0.0799999982118606,jacs_set,bace
CAT-13h,-9.633000373840332,0.0,-9.390000343322754,0.0799999982118606,jacs_set,bace
CAT-13o,-8.543000221252441,0.0,-9.4399995803833,0.0799999982118606,jacs_set,bace
CAT-13g,-9.093000411987305,0.0,-9.31999969482422,0.0900000035762786,jacs_set,bace
CAT-4k,-7.853000164031982,0.0,-7.849999904632568,0.0900000035762786,jacs_set,bace
CAT-17g,-9.743000030517578,0.0,-9.010000228881836,0.0799999982118606,jacs_set,bace
CAT-4l,-9.343000411987305,0.0,-7.170000076293945,0.0900000035762786,jacs_set,bace
CAT-4j,-9.02299976348877,0.0,-8.319999694824219,0.0799999982118606,jacs_set,bace
CAT-4n,-9.093000411987305,0.0,-9.31999969482422,0.0900000035762786,jacs_set,bace
CAT-13i,-9.27299976348877,0.0,-10.760000228881836,0.0799999982118606,jacs_set,bace
CAT-17f,-9.42300033569336,0.0,-9.739999771118164,0.0900000035762786,jacs_set,bace
CAT-4p,-10.083000183105469,0.0,-9.609999656677246,0.1000000014901161,jacs_set,bace
CAT-13c,-9.322999954223633,0.0,-9.630000114440918,0.0799999982118606,jacs_set,bace
CAT-24,-11.350000381469728,0.0,-10.789999961853027,0.0799999982118606,jacs_set,bace
CAT-4i,-8.262999534606934,0.0,-8.630000114440918,0.0900000035762786,jacs_set,bace
CAT-4c,-7.853000164031982,0.0,-7.980000019073486,0.0900000035762786,jacs_set,bace
CAT-17i,-9.472999572753906,0.0,-9.34000015258789,0.0799999982118606,jacs_set,bace
CAT-13k,-9.70300006866455,0.0,-10.510000228881836,0.0900000035762786,jacs_set,bace
CAT-17a,-10.732999801635742,0.0,-11.350000381469728,0.0799999982118606,jacs_set,bace
CAT-17c,-9.86299991607666,0.0,-10.029999732971191,0.0900000035762786,jacs_set,bace
CAT-4o,-9.383000373840332,0.0,-8.6899995803833,0.0799999982118606,jacs_set,bace
CAT-17d,-9.42300033569336,0.0,-8.359999656677246,0.0799999982118606,jacs_set,bace
CAT-4b,-9.633000373840332,0.0,-9.260000228881836,0.0900000035762786,jacs_set,bace
CAT-13f,-9.093000411987305,0.0,-9.529999732971191,0.0799999982118606,jacs_set,bace
CAT-4d,-9.11299991607666,0.0,-8.960000038146973,0.0900000035762786,jacs_set,bace
CAT-13m,-8.762999534606934,0.0,-10.5,0.0799999982118606,jacs_set,bace
CAT-17h,-10.333000183105469,0.0,-10.260000228881836,0.0799999982118606,jacs_set,bace
CAT-17e,-10.02299976348877,0.0,-9.119999885559082,0.0799999982118606,jacs_set,bace
6a,-9.18000030517578,0.0,-9.65999984741211,0.1400000005960464,jacs_set,thrombin
3a,-8.319999694824219,0.0,-7.789999961853027,0.1299999952316284,jacs_set,thrombin
1d,-8.25,0.0,-9.420000076293944,0.1299999952316284,jacs_set,thrombin
6e,-8.90999984741211,0.0,-8.609999656677246,0.1299999952316284,jacs_set,thrombin
6b,-8.890000343322754,0.0,-9.06999969482422,0.1299999952316284,jacs_set,thrombin
1b,-8.460000038146973,0.0,-8.1899995803833,0.1599999964237213,jacs_set,thrombin
1a,-7.480000019073486,0.0,-7.320000171661377,0.1400000005960464,jacs_set,thrombin
5,-7.579999923706055,0.0,-6.699999809265137,0.1299999952316284,jacs_set,thrombin
3b,-7.860000133514404,0.0,-7.860000133514404,0.1400000005960464,jacs_set,thrombin
7a,-8.220000267028809,0.0,-8.050000190734863,0.1299999952316284,jacs_set,thrombin
1c,-8.5600004196167,0.0,-9.039999961853027,0.1299999952316284,jacs_set,thrombin
2j,-10.079999923706056,0.0,-9.289999961853027,0.0700000002980232,jacs_set,p38
2gg,-10.65999984741211,0.0,-9.34000015258789,0.0799999982118606,jacs_set,p38
2q,-12.260000228881836,0.0,-11.779999732971191,0.0799999982118606,jacs_set,p38
2t,-11.850000381469728,0.0,-10.90999984741211,0.0799999982118606,jacs_set,p38
2g,-10.65999984741211,0.0,-11.029999732971191,0.0700000002980232,jacs_set,p38
2l,-12.260000228881836,0.0,-12.09000015258789,0.0700000002980232,jacs_set,p38
2ee,-12.260000228881836,0.0,-10.65999984741211,0.0700000002980232,jacs_set,p38
2aa,-9.270000457763672,0.0,-11.199999809265137,0.0799999982118606,jacs_set,p38
2o,-10.489999771118164,0.0,-10.329999923706056,0.0700000002980232,jacs_set,p38
3flw,-10.68000030517578,0.0,-11.90999984741211,0.1099999994039535,jacs_set,p38
2u,-12.260000228881836,0.0,-12.050000190734863,0.0799999982118606,jacs_set,p38
2p,-11.199999809265137,0.0,-10.6899995803833,0.0799999982118606,jacs_set,p38
2h,-9.479999542236328,0.0,-8.960000038146973,0.0700000002980232,jacs_set,p38
3fmk,-11.829999923706056,0.0,-13.619999885559082,0.0799999982118606,jacs_set,p38
2i,-10.050000190734863,0.0,-9.670000076293944,0.0700000002980232,jacs_set,p38
2f,-8.479999542236328,0.0,-9.380000114440918,0.0799999982118606,jacs_set,p38
2x,-10.229999542236328,0.0,-9.979999542236328,0.0799999982118606,jacs_set,p38
2ff,-11.4399995803833,0.0,-10.350000381469728,0.0700000002980232,jacs_set,p38
2k,-10.550000190734863,0.0,-10.220000267028809,0.0700000002980232,jacs_set,p38
2n,-11.850000381469728,0.0,-11.890000343322754,0.0799999982118606,jacs_set,p38
3flq,-9.93000030517578,0.0,-9.640000343322754,0.0799999982118606,jacs_set,p38
3fln,-10.880000114440918,0.0,-11.119999885559082,0.0700000002980232,jacs_set,p38
2e,-10.699999809265137,0.0,-9.93000030517578,0.0799999982118606,jacs_set,p38
3fmh,-10.829999923706056,0.0,-11.210000038146973,0.0799999982118606,jacs_set,p38
2c,-10.460000038146973,0.0,-11.539999961853027,0.0900000035762786,jacs_set,p38
2y,-9.779999732971191,0.0,-9.5600004196167,0.0799999982118606,jacs_set,p38
2s,-11.109999656677246,0.0,-11.6899995803833,0.0799999982118606,jacs_set,p38
2m,-10.960000038146973,0.0,-12.130000114440918,0.0700000002980232,jacs_set,p38
2bb,-9.0600004196167,0.0,-9.34000015258789,0.0799999982118606,jacs_set,p38
2v,-8.970000267028809,0.0,-9.020000457763672,0.0700000002980232,jacs_set,p38
2r,-10.789999961853027,0.0,-10.760000228881836,0.0700000002980232,jacs_set,p38
3flz,-9.489999771118164,0.0,-10.100000381469728,0.0700000002980232,jacs_set,p38
2z,-10.359999656677246,0.0,-10.210000038146973,0.0799999982118606,jacs_set,p38
3fly,-11.420000076293944,0.0,-10.960000038146973,0.0799999982118606,jacs_set,p38
18626-1,-8.869999885559082,0.0,-8.829999923706055,0.0900000035762786,jacs_set,jnk1
18628-1_flip,-8.699999809265137,0.0,-7.309999942779541,0.0900000035762786,jacs_set,jnk1
18629-1,-8.670000076293945,0.0,-8.510000228881836,0.0900000035762786,jacs_set,jnk1
18636-1,-7.510000228881836,0.0,-8.350000381469727,0.0900000035762786,jacs_set,jnk1
17124-1,-9.68000030517578,0.0,-10.65999984741211,0.0900000035762786,jacs_set,jnk1
18627-1,-8.479999542236328,0.0,-8.670000076293945,0.0900000035762786,jacs_set,jnk1
18638-1,-10.09000015258789,0.0,-10.270000457763672,0.0900000035762786,jacs_set,jnk1
18659-1,-9.470000267028809,0.0,-9.6899995803833,0.0900000035762786,jacs_set,jnk1
18639-1,-9.739999771118164,0.0,-10.050000190734863,0.1000000014901161,jacs_set,jnk1
18634-1,-9.989999771118164,0.0,-10.109999656677246,0.0900000035762786,jacs_set,jnk1
18630-1,-9.140000343322754,0.0,-8.40999984741211,0.0900000035762786,jacs_set,jnk1
18637-1,-10.140000343322754,0.0,-10.56999969482422,0.0900000035762786,jacs_set,jnk1
18658-1,-9.699999809265137,0.0,-9.720000267028809,0.0900000035762786,jacs_set,jnk1
18632-1,-9.079999923706056,0.0,-8.90999984741211,0.0900000035762786,jacs_set,jnk1
18633-1,-9.170000076293944,0.0,-8.869999885559082,0.0900000035762786,jacs_set,jnk1
18635-1,-7.289999961853027,0.0,-7.889999866485596,0.0900000035762786,jacs_set,jnk1
18631-1,-9.40999984741211,0.0,-8.770000457763672,0.0900000035762786,jacs_set,jnk1
18660-1,-8.699999809265137,0.0,-9.25,0.0900000035762786,jacs_set,jnk1
18625-1,-8.109999656677246,0.0,-7.5,0.0900000035762786,jacs_set,jnk1
18624-1,-8.489999771118164,0.0,-7.659999847412109,0.0900000035762786,jacs_set,jnk1
18652-1,-10.68000030517578,0.0,-11.020000457763672,0.0900000035762786,jacs_set,jnk1
jmc_23,-11.699999809265137,0.0,-11.270000457763672,0.1099999994039535,jacs_set,tyk2
ejm_47,-9.699999809265137,0.0,-9.9399995803833,0.1099999994039535,jacs_set,tyk2
ejm_49,-7.75,0.0,-8.050000190734863,0.1099999994039535,jacs_set,tyk2
ejm_31,-9.539999961853027,0.0,-9.90999984741211,0.1099999994039535,jacs_set,tyk2
ejm_45,-9.5600004196167,0.0,-9.65999984741211,0.1199999973177909,jacs_set,tyk2
ejm_44,-7.420000076293945,0.0,-6.480000019073486,0.1299999952316284,jacs_set,tyk2
ejm_43,-8.260000228881836,0.0,-8.300000190734863,0.1199999973177909,jacs_set,tyk2
ejm_50,-8.979999542236328,0.0,-9.399999618530272,0.1199999973177909,jacs_set,tyk2
ejm_42,-9.779999732971191,0.0,-9.949999809265137,0.1199999973177909,jacs_set,tyk2
ejm_55,-9.210000038146973,0.0,-10.34000015258789,0.1099999994039535,jacs_set,tyk2
ejm_48,-9.0,0.0,-8.859999656677246,0.1199999973177909,jacs_set,tyk2
ejm_54,-10.529999732971191,0.0,-10.380000114440918,0.1099999994039535,jacs_set,tyk2
jmc_28,-10.979999542236328,0.0,-10.34000015258789,0.1099999994039535,jacs_set,tyk2
jmc_27,-11.279999732971191,0.0,-11.100000381469728,0.1099999994039535,jacs_set,tyk2
jmc_30,-10.9399995803833,0.0,-11.130000114440918,0.1099999994039535,jacs_set,tyk2
ejm_46,-11.3100004196167,0.0,-10.81999969482422,0.1199999973177909,jacs_set,tyk2
17,-7.039999961853027,0.0,-8.829999923706055,0.1599999964237213,jacs_set,cdk2
28,-11.109999656677246,0.0,-10.369999885559082,0.209999993443489,jacs_set,cdk2
22,-7.860000133514404,0.0,-7.96999979019165,0.1700000017881393,jacs_set,cdk2
30,-9.8100004196167,0.0,-8.40999984741211,0.2000000029802322,jacs_set,cdk2
1h1r,-7.670000076293945,0.0,-8.59000015258789,0.1700000017881393,jacs_set,cdk2
1h1s,-11.25,0.0,-9.970000267028809,0.209999993443489,jacs_set,cdk2
21,-7.829999923706055,0.0,-8.170000076293945,0.1700000017881393,jacs_set,cdk2
1oiy,-9.789999961853027,0.0,-9.9399995803833,0.1700000017881393,jacs_set,cdk2
1oiu,-9.079999923706056,0.0,-10.699999809265137,0.1599999964237213,jacs_set,cdk2
31,-9.539999961853027,0.0,-8.59000015258789,0.2000000029802322,jacs_set,cdk2
29,-9.880000114440918,0.0,-9.15999984741211,0.1899999976158142,jacs_set,cdk2
26,-8.430000305175781,0.0,-8.84000015258789,0.1700000017881393,jacs_set,cdk2
1oi9,-9.739999771118164,0.0,-9.4399995803833,0.1599999964237213,jacs_set,cdk2
20,-8.720000267028809,0.0,-9.0600004196167,0.1800000071525573,jacs_set,cdk2
32,-9.75,0.0,-9.84000015258789,0.2199999988079071,jacs_set,cdk2
1h1q,-8.180000305175781,0.0,-7.820000171661377,0.1599999964237213,jacs_set,cdk2
23477,-8.850000381469727,0.0,-8.770000457763672,0.1199999973177909,jacs_set,ptp1b
23484,-7.75,0.0,-8.020000457763672,0.1500000059604644,jacs_set,ptp1b
23467,-7.340000152587891,0.0,-7.239999771118164,0.1199999973177909,jacs_set,ptp1b
20667,-11.420000076293944,0.0,-10.539999961853027,0.1599999964237213,jacs_set,ptp1b
23469,-7.71999979019165,0.0,-8.029999732971191,0.1199999973177909,jacs_set,ptp1b
23483,-9.869999885559082,0.0,-9.859999656677246,0.1400000005960464,jacs_set,ptp1b
23480,-8.720000267028809,0.0,-9.15999984741211,0.1199999973177909,jacs_set,ptp1b
23474,-9.109999656677246,0.0,-8.869999885559082,0.1199999973177909,jacs_set,ptp1b
23473,-8.390000343322754,0.0,-9.300000190734863,0.1199999973177909,jacs_set,ptp1b
23471,-7.75,0.0,-8.020000457763672,0.1199999973177909,jacs_set,ptp1b
20669,-8.609999656677246,0.0,-8.640000343322754,0.1199999973177909,jacs_set,ptp1b
23476,-9.40999984741211,0.0,-10.020000457763672,0.1199999973177909,jacs_set,ptp1b
23466,-7.849999904632568,0.0,-7.190000057220459,0.1199999973177909,jacs_set,ptp1b
23472,-8.649999618530273,0.0,-9.300000190734863,0.25,jacs_set,ptp1b
23482,-10.010000228881836,0.0,-9.56999969482422,0.1199999973177909,jacs_set,ptp1b
23486,-12.470000267028809,0.0,-11.25,0.1400000005960464,jacs_set,ptp1b
23470,-7.71999979019165,0.0,-8.130000114440918,0.1199999973177909,jacs_set,ptp1b
23468,-7.75,0.0,-7.449999809265137,0.1199999973177909,jacs_set,ptp1b
23485,-11.010000228881836,0.0,-10.670000076293944,0.1599999964237213,jacs_set,ptp1b
23330,-10.130000114440918,0.0,-10.65999984741211,0.1199999973177909,jacs_set,ptp1b
20670,-9.079999923706056,0.0,-9.1899995803833,0.1199999973177909,jacs_set,ptp1b
23479,-9.140000343322754,0.0,-8.680000305175781,0.1199999973177909,jacs_set,ptp1b
23475,-8.720000267028809,0.0,-8.920000076293945,0.1199999973177909,jacs_set,ptp1b
23,-8.829999924,0.04832432432,-7.53000021,0.0700000003,jacs_set,mcl1
26,-8.239999771,0.26224,-8.25,0.0700000003,jacs_set,mcl1
27,-6.119999886,0.1209028571,-6.449999809,0.05999999866,jacs_set,mcl1
28,-6.619999886,0.02781333333,-6.059999943,0.05999999866,jacs_set,mcl1
29,-6.940000057,0.1151363636,-6.480000019,0.05999999866,jacs_set,mcl1
30-flip,-7.849999905,0.1882105263,-6.980000019,0.05999999866,jacs_set,mcl1
31,-7.920000076,0.02804705882,-7.940000057,0.05999999866,jacs_set,mcl1
32,-6.579999924,0.115475,-6.590000153,0.05999999866,jacs_set,mcl1
33,-6.880000114,0.1763673469,-7.730000019,0.0700000003,jacs_set,mcl1
34,-6.869999886,0.1926464646,-7.329999924,0.0700000003,jacs_set,mcl1
35,-8.81000042,0.2195789474,-8.010000229,0.05999999866,jacs_set,mcl1
36,-8.180000305,0.05418181818,-8.170000076,0.0700000003,jacs_set,mcl1
37,-8.949999809,0.298,-8.729999542,0.0700000003,jacs_set,mcl1
38-flip,-7.019999981,0.1625454545,-9.06000042,0.0700000003,jacs_set,mcl1
39,-7.03000021,0.05489473684,-8.0,0.0700000003,jacs_set,mcl1
40-flip,-7.25,0.03438461538,-8.210000038,0.05999999866,jacs_set,mcl1
41-flip,-7.130000114,0.055875,-8.180000305,0.0700000003,jacs_set,mcl1
42,-8.899999619,0.1806060606,-7.630000114,0.0700000003,jacs_set,mcl1
43-flip,-7.03000021,0.04768,-7.739999771,0.05999999866,jacs_set,mcl1
44,-8.670000076,0.01241666667,-8.420000076,0.0700000003,jacs_set,mcl1
45,-8.949999809,0.1986666667,-7.559999943,0.05999999866,jacs_set,mcl1
46-flip,-7.599999905,0.02055172414,-7.989999771,0.05999999866,jacs_set,mcl1
47-flip,-5.78000021,0.1634193548,-6.289999962,0.05999999866,jacs_set,mcl1
48-flip,-6.659999847,0.01277142857,-4.630000114,0.05999999866,jacs_set,mcl1
49,-8.359999657,0.1177283951,-8.729999542,0.05999999866,jacs_set,mcl1
50,-9.329999924,0.149,-8.75,0.05999999866,jacs_set,mcl1
51,-8.449999809,0.2043428571,-7.150000095,0.05999999866,jacs_set,mcl1
52,-9.229999542,0.06273684211,-9.720000267,0.05999999866,jacs_set,mcl1
53,-9.960000038,0.1950545455,-10.09000015,0.0700000003,jacs_set,mcl1
54,-9.779999733,0.1986666667,-9.050000191,0.05999999866,jacs_set,mcl1
56,-9.260000229,0.03311111111,-9.050000191,0.0700000003,jacs_set,mcl1
57,-9.039999962,0.09169230769,-7.840000153,0.05999999866,jacs_set,mcl1
58,-9.409999847,0.04257142857,-10.36999989,0.0700000003,jacs_set,mcl1
60,-8.920000076,0.018625,-8.779999733,0.0700000003,jacs_set,mcl1
61,-8.079999924,0.2384,-8.319999695,0.0700000003,jacs_set,mcl1
62,-7.960000038,0.152725,-8.069999695,0.0700000003,jacs_set,mcl1
63,-9.06000042,0.09536,-9.829999924,0.05999999866,jacs_set,mcl1
64,-9.5,0.149,-8.970000267,0.05999999866,jacs_set,mcl1
65,-8.409999847,0.1932972973,-9.630000114,0.0700000003,jacs_set,mcl1
66,-8.430000305,0.1241666667,-8.670000076,0.0700000003,jacs_set,mcl1
67,-7.579999924,0.01986666667,-9.220000267,0.05999999866,jacs_set,mcl1
68,-7.690000057,0.26224,-7.159999847,0.05999999866,jacs_set,mcl1
43,-7.997664928436279,0.0,-9.75,0.0700000002980232,merck,pfkfb3
30_flip_b,-9.198190689086914,0.0,-8.979999542236328,0.0700000002980232,merck,pfkfb3
65,-9.487896919250488,0.0,-10.510000228881836,0.0700000002980232,merck,pfkfb3
49,-7.934291839599609,0.0,-7.320000171661377,0.0700000002980232,merck,pfkfb3
24,-8.869909286499023,0.0,-9.0600004196167,0.0700000002980232,merck,pfkfb3
67,-10.24363613128662,0.0,-11.890000343322754,0.0700000002980232,merck,pfkfb3
62_flip,-7.691737651824951,0.0,-7.920000076293945,0.0700000002980232,merck,pfkfb3
56,-10.565720558166504,0.0,-10.890000343322754,0.0700000002980232,merck,pfkfb3
59,-8.1151704788208,0.0,-7.690000057220459,0.0700000002980232,merck,pfkfb3
38,-8.758760452270508,0.0,-7.199999809265137,0.0700000002980232,merck,pfkfb3
31,-9.282472610473633,0.0,-9.449999809265137,0.0700000002980232,merck,pfkfb3
48,-8.006359100341797,0.0,-6.650000095367432,0.0700000002980232,merck,pfkfb3
58,-9.133153915405272,0.0,-8.350000381469727,0.0700000002980232,merck,pfkfb3
41,-7.387692451477051,0.0,-9.239999771118164,0.0700000002980232,merck,pfkfb3
29,-9.646018028259276,0.0,-9.119999885559082,0.0700000002980232,merck,pfkfb3
54,-8.179586410522461,0.0,-6.860000133514404,0.0700000002980232,merck,pfkfb3
47,-8.333451271057129,0.0,-6.630000114440918,0.0700000002980232,merck,pfkfb3
26,-9.169439315795898,0.0,-9.31999969482422,0.0700000002980232,merck,pfkfb3
55,-10.635504722595217,0.0,-11.5,0.0700000002980232,merck,pfkfb3
20,-8.51645278930664,0.0,-8.069999694824219,0.0700000002980232,merck,pfkfb3
57,-10.474388122558594,0.0,-10.199999809265137,0.0700000002980232,merck,pfkfb3
42,-8.466802597045898,0.0,-8.90999984741211,0.0700000002980232,merck,pfkfb3
35,-10.138808250427246,0.0,-9.9399995803833,0.0700000002980232,merck,pfkfb3
44,-9.948675155639648,0.0,-8.960000038146973,0.0700000002980232,merck,pfkfb3
63,-8.561636924743652,0.0,-9.729999542236328,0.0700000002980232,merck,pfkfb3
69,-10.71462059020996,0.0,-11.210000038146973,0.0700000002980232,merck,pfkfb3
52,-10.395273208618164,0.0,-8.350000381469727,0.0700000002980232,merck,pfkfb3
19,-7.550787448883057,0.0,-7.510000228881836,0.0700000002980232,merck,pfkfb3
68,-9.778227806091309,0.0,-12.279999732971191,0.0700000002980232,merck,pfkfb3
33,-8.606922149658203,0.0,-9.510000228881836,0.0700000002980232,merck,pfkfb3
70,-10.30394172668457,0.0,-10.1899995803833,0.0700000002980232,merck,pfkfb3
53,-6.997636318206787,0.0,-7.210000038146973,0.0700000002980232,merck,pfkfb3
64,-9.42227840423584,0.0,-9.4399995803833,0.0700000002980232,merck,pfkfb3
39,-7.197502136230469,0.0,-6.480000019073486,0.0700000002980232,merck,pfkfb3
37,-9.99706745147705,0.0,-10.920000076293944,0.0700000002980232,merck,pfkfb3
23,-7.914463996887207,0.0,-8.199999809265137,0.0700000002980232,merck,pfkfb3
60_adjust,-8.143735885620117,0.0,-7.110000133514404,0.0700000002980232,merck,pfkfb3
34,-9.97237777709961,0.0,-9.760000228881836,0.0700000002980232,merck,pfkfb3
36,-7.440536022186279,0.0,-7.75,0.0700000002980232,merck,pfkfb3
46,-7.859359264373779,0.0,-7.139999866485596,0.0700000002980232,merck,pfkfb3
43,-11.93795108795166,0.0,-11.720000267028809,0.0900000035762786,merck,cdk8
22,-10.28548812866211,0.0,-10.260000228881836,0.1000000014901161,merck,cdk8
30,-11.696293830871582,0.0,-11.329999923706056,0.1000000014901161,merck,cdk8
21,-9.754467964172363,0.0,-9.630000114440918,0.1000000014901161,merck,cdk8
24,-10.344158172607422,0.0,-8.640000343322754,0.1000000014901161,merck,cdk8
38,-11.391841888427734,0.0,-12.739999771118164,0.0900000035762786,merck,cdk8
31,-11.93795108795166,0.0,-12.31999969482422,0.0900000035762786,merck,cdk8
41,-11.283177375793455,0.0,-12.770000457763672,0.1099999994039535,merck,cdk8
29,-9.256064414978027,0.0,-11.300000190734863,0.1099999994039535,merck,cdk8
26,-10.215289115905762,0.0,-8.720000267028809,0.1299999952316284,merck,cdk8
20,-10.698603630065918,0.0,-9.6899995803833,0.1000000014901161,merck,cdk8
35,-11.524834632873535,0.0,-11.949999809265137,0.1099999994039535,merck,cdk8
40,-11.191304206848145,0.0,-12.43000030517578,0.1000000014901161,merck,cdk8
19,-10.737068176269531,0.0,-9.630000114440918,0.0900000035762786,merck,cdk8
33,-11.111719131469728,0.0,-10.010000228881836,0.0900000035762786,merck,cdk8
27,-8.463898658752441,0.0,-11.029999732971191,0.1099999994039535,merck,cdk8
13,-11.283177375793455,0.0,-9.949999809265137,0.0900000035762786,merck,cdk8
39,-11.524834632873535,0.0,-12.239999771118164,0.1099999994039535,merck,cdk8
32,-9.549580574035645,0.0,-9.949999809265137,0.0900000035762786,merck,cdk8
37,-11.524834632873535,0.0,-12.880000114440918,0.1500000059604644,merck,cdk8
23,-9.01440715789795,0.0,-7.420000076293945,0.1099999994039535,merck,cdk8
15,-7.687934875488281,0.0,-6.429999828338623,0.0900000035762786,merck,cdk8
34,-11.191304206848145,0.0,-12.029999732971191,0.1000000014901161,merck,cdk8
25,-9.793952941894531,0.0,-10.65999984741211,0.1000000014901161,merck,cdk8
14,-8.337959289550781,0.0,-7.659999847412109,0.0900000035762786,merck,cdk8
36,-11.283177375793455,0.0,-12.100000381469728,0.1000000014901161,merck,cdk8
18-flipped,-10.97872543334961,0.0,-9.079999923706056,0.0900000035762786,merck,cdk8
16-flipped,-9.290130615234377,0.0,-8.479999542236328,0.0900000035762786,merck,cdk8
17-flipped,-8.992732048034668,0.0,-8.949999809265137,0.0900000035762786,merck,cdk8
44-flipped,-11.524834632873535,0.0,-11.390000343322754,0.0900000035762786,merck,cdk8
45-flipped,-11.191304206848145,0.0,-11.670000076293944,0.0900000035762786,merck,cdk8
42-flipped,-11.524834632873535,0.0,-11.550000190734863,0.0900000035762786,merck,cdk8
CHEMBL1078774,-10.662470817565918,0.0,-10.0,0.0900000035762786,merck,eg5
CHEMBL1093087,-10.59618091583252,0.0,-11.140000343322754,0.0900000035762786,merck,eg5
CHEMBL1082249,-11.283177375793455,0.0,-11.3100004196167,0.0900000035762786,merck,eg5
CHEMBL1089393,-8.429832458496094,0.0,-9.600000381469728,0.1000000014901161,merck,eg5
CHEMBL1078691,-10.24935531616211,0.0,-10.970000267028809,0.1000000014901161,merck,eg5
CHEMBL1086409,-9.931042671203612,0.0,-10.279999732971191,0.0900000035762786,merck,eg5
CHEMBL1082248,-11.696293830871582,0.0,-11.020000457763672,0.0900000035762786,merck,eg5
CHEMBL1084678,-11.191304206848145,0.0,-13.619999885559082,0.0900000035762786,merck,eg5
CHEMBL1084115,-9.497721672058104,0.0,-10.210000038146973,0.1000000014901161,merck,eg5
CHEMBL1084431,-9.863131523132324,0.0,-10.18000030517578,0.1000000014901161,merck,eg5
CHEMBL1085895,-10.921920776367188,0.0,-11.289999961853027,0.1000000014901161,merck,eg5
CHEMBL1084677,-11.524834632873535,0.0,-11.970000267028809,0.0900000035762786,merck,eg5
CHEMBL1077227,-11.391841888427734,0.0,-10.68000030517578,0.0900000035762786,merck,eg5
CHEMBL1086410,-11.524834632873535,0.0,-10.109999656677246,0.0900000035762786,merck,eg5
CHEMBL1083517,-11.524834632873535,0.0,-11.770000457763672,0.1000000014901161,merck,eg5
CHEMBL1096003,-11.93795108795166,0.0,-11.739999771118164,0.0900000035762786,merck,eg5
CHEMBL1077204,-11.111719131469728,0.0,-11.93000030517578,0.1000000014901161,merck,eg5
CHEMBL1083836,-10.921920776367188,0.0,-10.140000343322754,0.0900000035762786,merck,eg5
CHEMBL1085666,-10.5656099319458,0.0,-10.75,0.0900000035762786,merck,eg5
CHEMBL1085692,-11.391841888427734,0.0,-12.34000015258789,0.0900000035762786,merck,eg5
CHEMBL1084143,-11.93795108795166,0.0,-11.869999885559082,0.1000000014901161,merck,eg5
CHEMBL1096002,-11.191304206848145,0.0,-10.670000076293944,0.0900000035762786,merck,eg5
CHEMBL1089056,-9.497721672058104,0.0,-10.0,0.0900000035762786,merck,eg5
CHEMBL1093088,-11.283177375793455,0.0,-10.479999542236328,0.0900000035762786,merck,eg5
CHEMBL1084676,-10.778188705444336,0.0,-10.869999885559082,0.0900000035762786,merck,eg5
CHEMBL1084935,-10.59618091583252,0.0,-8.4399995803833,0.0900000035762786,merck,eg5
CHEMBL1078998,-10.432616233825684,0.0,-10.25,0.1000000014901161,merck,eg5
CHEMBL1088740,-8.75107479095459,0.0,-9.4399995803833,0.1000000014901161,merck,eg5
CHEMBL1084143_1,-11.93795108795166,0.0,-11.869999885559082,0.1000000014901161,merck,eg5
CHEMBL1096003_1,-11.93795108795166,0.0,-11.739999771118164,0.1000000014901161,merck,eg5
CHEMBL1096002_1,-11.191304206848145,0.0,-10.670000076293944,0.1000000014901161,merck,eg5
CHEMBL1084676_1,-10.778188705444336,0.0,-10.869999885559082,0.0900000035762786,merck,eg5
CHEMBL1084677_1,-11.524834632873535,0.0,-11.970000267028809,0.0900000035762786,merck,eg5
CHEMBL1084935_1,-10.59618091583252,0.0,-8.449999809265137,0.1000000014901161,merck,eg5
CHEMBL3402753_200,-9.139049530029297,0.0,-10.130000114440918,0.0900000035762786,merck,cmet
CHEMBL3402747_3400,-7.460412979125977,0.0,-6.21999979019165,0.0900000035762786,merck,cmet
CHEMBL3402744_300,-8.89881706237793,0.0,-7.909999847412109,0.0900000035762786,merck,cmet
CHEMBL3402745_200,-9.139049530029297,0.0,-8.520000457763672,0.0900000035762786,merck,cmet
CHEMBL3402750_400,-8.72836971282959,0.0,-10.039999961853027,0.0900000035762786,merck,cmet
CHEMBL3402743_42,-10.063709259033203,0.0,-9.43000030517578,0.0900000035762786,merck,cmet
CHEMBL3402752_30000,-6.170323371887207,0.0,-6.699999809265137,0.0900000035762786,merck,cmet
CHEMBL3402755_4200,-7.33521556854248,0.0,-8.5,0.0900000035762786,merck,cmet
CHEMBL3402749_500,-8.596160888671875,0.0,-7.889999866485596,0.0900000035762786,merck,cmet
CHEMBL3402765_11-charged-pKa-8.1,-10.857505798339844,0.0,-9.65999984741211,0.1000000014901161,merck,cmet
CHEMBL3402742_23,-10.420489311218262,0.0,-10.170000076293944,0.0900000035762786,merck,cmet
CHEMBL3402754_40,-10.09261703491211,0.0,-10.460000038146973,0.0900000035762786,merck,cmet
CHEMBL3402748_5300,-7.197390079498291,0.0,-7.880000114440918,0.0900000035762786,merck,cmet
CHEMBL3402741_400,-8.72836971282959,0.0,-9.130000114440918,0.1099999994039535,merck,cmet
CHEMBL3402763_90,-9.612153053283691,0.0,-9.979999542236328,0.1000000014901161,merck,cmet
CHEMBL3402764_90,-9.612153053283691,0.0,-8.579999923706055,0.1000000014901161,merck,cmet
CHEMBL3402751_2100,-7.745894908905029,0.0,-7.829999923706055,0.0900000035762786,merck,cmet
CHEMBL3402756_2.7_redocked,-11.689735412597656,0.0,-11.75,0.0900000035762786,merck,cmet
CHEMBL3402762_1_redocked,-12.27822208404541,0.0,-13.229999542236328,0.0900000035762786,merck,cmet
CHEMBL3402760_1_redocked,-12.27822208404541,0.0,-11.800000190734863,0.0900000035762786,merck,cmet
CHEMBL3402757_6.5_redocked,-11.169207572937012,0.0,-11.170000076293944,0.0900000035762786,merck,cmet
CHEMBL3402761_1_redocked,-12.27822208404541,0.0,-11.920000076293944,0.0900000035762786,merck,cmet
CHEMBL3402758_10_redocked,-10.91397476196289,0.0,-11.489999771118164,0.0900000035762786,merck,cmet
CHEMBL3402759_5.7_redocked,-11.24702262878418,0.0,-11.260000228881836,0.0900000035762786,merck,cmet
SHP099-1-Example-7,-9.75264835357666,0.0,-9.970000267028809,0.1000000014901161,merck,shp2
Example-22,-9.238834381103516,0.0,-8.770000457763672,0.1000000014901161,merck,shp2
Example-29,-7.622783184051514,0.0,-5.619999885559082,0.1000000014901161,merck,shp2
11,-6.354085445404053,0.0,-7.550000190734863,0.1000000014901161,merck,shp2
4,-5.822068691253662,0.0,-6.400000095367432,0.1099999994039535,merck,shp2
Example-2,-8.27622127532959,0.0,-7.510000228881836,0.1099999994039535,merck,shp2
Example-14,-9.778227806091309,0.0,-11.289999961853027,0.1000000014901161,merck,shp2
Example-26,-8.959051132202148,0.0,-8.550000190734863,0.1000000014901161,merck,shp2
SHP836-2,-6.713211536407471,0.0,-7.690000057220459,0.1199999973177909,merck,shp2
Example-6,-9.06926441192627,0.0,-10.5600004196167,0.1000000014901161,merck,shp2
Example-1,-8.988177299499512,0.0,-8.819999694824219,0.1099999994039535,merck,shp2
3,-5.462942123413086,0.0,-5.809999942779541,0.1000000014901161,merck,shp2
Example-9,-8.794095039367676,0.0,-10.06999969482422,0.1000000014901161,merck,shp2
Example-8,-9.71232795715332,0.0,-10.489999771118164,0.1099999994039535,merck,shp2
7,-7.076467037200928,0.0,-8.289999961853027,0.1099999994039535,merck,shp2
Example-24,-9.07721710205078,0.0,-9.140000343322754,0.1000000014901161,merck,shp2
Example-28,-8.457352638244629,0.0,-7.349999904632568,0.1000000014901161,merck,shp2
10,-7.1542816162109375,0.0,-7.670000076293945,0.1000000014901161,merck,shp2
Example-25,-8.869909286499023,0.0,-7.119999885559082,0.1000000014901161,merck,shp2
Example-27,-8.51852798461914,0.0,-9.520000457763672,0.1000000014901161,merck,shp2
6,-8.030035018920898,0.0,-8.84000015258789,0.1099999994039535,merck,shp2
Example-30,-9.157095909118652,0.0,-9.0600004196167,0.1400000005960464,merck,shp2
Example-5,-7.5630927085876465,0.0,-5.090000152587891,0.1000000014901161,merck,shp2
Example-4,-8.201089859008789,0.0,-6.670000076293945,0.1000000014901161,merck,shp2
Example-23,-8.740339279174805,0.0,-8.6899995803833,0.1000000014901161,merck,shp2
Example-3,-8.215871810913086,0.0,-7.079999923706055,0.1000000014901161,merck,shp2
338,-10.75852870941162,0.0,-11.210000038146973,0.0700000002980232,merck,hif2a
43,-8.699462890625,0.0,-9.210000038146973,0.0700000002980232,merck,hif2a
235,-10.123006820678713,0.0,-9.9399995803833,0.0700000002980232,merck,hif2a
234,-10.347848892211914,0.0,-9.850000381469728,0.0700000002980232,merck,hif2a
30,-10.565720558166504,0.0,-11.039999961853027,0.0700000002980232,merck,hif2a
1,-11.324654579162598,0.0,-10.149999618530272,0.0700000002980232,merck,hif2a
237,-9.549728393554688,0.0,-10.520000457763672,0.0900000035762786,merck,hif2a
227,-10.75852870941162,0.0,-11.15999984741211,0.0700000002980232,merck,hif2a
266,-10.533686637878418,0.0,-11.039999961853027,0.0700000002980232,merck,hif2a
206,-10.123006820678713,0.0,-9.050000190734863,0.0700000002980232,merck,hif2a
67,-10.17173194885254,0.0,-11.850000381469728,0.1000000014901161,merck,hif2a
156,-9.73618984222412,0.0,-8.829999923706055,0.0700000002980232,merck,hif2a
31,-8.842347145080566,0.0,-9.220000267028809,0.0700000002980232,merck,hif2a
289,-10.91397476196289,0.0,-11.140000343322754,0.0700000002980232,merck,hif2a
61,-10.107617378234863,0.0,-9.279999732971191,0.0700000002980232,merck,hif2a
167,-10.67374324798584,0.0,-10.380000114440918,0.0700000002980232,merck,hif2a
165,-9.235339164733888,0.0,-8.539999961853027,0.0700000002980232,merck,hif2a
41,-9.787005424499512,0.0,-10.350000381469728,0.0700000002980232,merck,hif2a
7b,-7.394513607025147,0.0,-6.340000152587891,0.0700000002980232,merck,hif2a
54,-9.30949592590332,0.0,-9.619999885559082,0.0700000002980232,merck,hif2a
215,-10.59958553314209,0.0,-10.31999969482422,0.0700000002980232,merck,hif2a
57,-10.67374324798584,0.0,-10.31999969482422,0.0700000002980232,merck,hif2a
42,-8.93969440460205,0.0,-9.960000038146973,0.0700000002980232,merck,hif2a
252,-9.71232795715332,0.0,-10.479999542236328,0.0700000002980232,merck,hif2a
336,-9.823477745056152,0.0,-10.390000343322754,0.1199999973177909,merck,hif2a
290,-10.565720558166504,0.0,-11.380000114440918,0.0700000002980232,merck,hif2a
155,-10.5032958984375,0.0,-9.6899995803833,0.0700000002980232,merck,hif2a
164,-6.764764785766602,0.0,-6.599999904632568,0.0700000002980232,merck,hif2a
7a,-9.99706745147705,0.0,-8.569999694824219,0.0700000002980232,merck,hif2a
224,-9.660125732421877,0.0,-10.279999732971191,0.0700000002980232,merck,hif2a
84,-7.5754475593566895,0.0,-9.369999885559082,0.0700000002980232,merck,hif2a
254,-9.549728393554688,0.0,-10.210000038146973,0.0700000002980232,merck,hif2a
23,-7.067420959472656,0.0,-6.900000095367432,0.0700000002980232,merck,hif2a
251,-10.24363613128662,0.0,-10.539999961853027,0.0700000002980232,merck,hif2a
256,-10.67374324798584,0.0,-9.720000267028809,0.0700000002980232,merck,hif2a
50,-9.696937561035156,0.0,-8.630000114440918,0.0700000002980232,merck,hif2a
231,-10.022831916809082,0.0,-9.600000381469728,0.0700000002980232,merck,hif2a
15,-11.046184539794922,0.0,-11.40999984741211,0.0700000002980232,merck,hif2a
124,-10.123006820678713,0.0,-10.15999984741211,0.0700000002980232,merck,hif2a
25,-10.28314971923828,0.0,-9.68000030517578,0.0700000002980232,merck,hif2a
163,-11.010265350341797,0.0,-10.470000267028809,0.0700000002980232,merck,hif2a
CHEMBL3265014,-10.40023136138916,0.0,-10.43000030517578,0.0700000002980232,merck,syk
CHEMBL3265036,-10.417919158935549,0.0,-11.800000190734863,0.0799999982118606,merck,syk
CHEMBL3265020,-11.003335952758787,0.0,-10.06999969482422,0.0700000002980232,merck,syk
CHEMBL3265023,-10.477216720581056,0.0,-9.720000267028809,0.0700000002980232,merck,syk
CHEMBL3265033,-11.838635444641112,0.0,-11.5600004196167,0.0700000002980232,merck,syk
CHEMBL3265027,-10.329894065856934,0.0,-10.390000343322754,0.0700000002980232,merck,syk
CHEMBL3265028,-11.010265350341797,0.0,-10.699999809265137,0.0700000002980232,merck,syk
CHEMBL3265032,-11.068829536437988,0.0,-11.199999809265137,0.0700000002980232,merck,syk
CHEMBL3265031,-12.078866958618164,0.0,-11.520000457763672,0.0700000002980232,merck,syk
CHEMBL3265037,-12.764640808105469,0.0,-11.609999656677246,0.0700000002980232,merck,syk
CHEMBL3265026,-11.36131477355957,0.0,-10.210000038146973,0.0700000002980232,merck,syk
CHEMBL3265012,-10.546293258666992,0.0,-9.670000076293944,0.0700000002980232,merck,syk
CHEMBL3265029,-11.125299453735352,0.0,-11.0600004196167,0.0700000002980232,merck,syk
CHEMBL3265035,-11.07657527923584,0.0,-11.609999656677246,0.0700000002980232,merck,syk
CHEMBL3265024,-11.784735679626465,0.0,-11.06999969482422,0.0700000002980232,merck,syk
CHEMBL3265018,-11.187724113464355,0.0,-11.050000190734863,0.0700000002980232,merck,syk
CHEMBL3265008,-9.784358024597168,0.0,-9.789999961853027,0.0700000002980232,merck,syk
CHEMBL3265016,-11.689735412597656,0.0,-11.100000381469728,0.0700000002980232,merck,syk
CHEMBL3265025 flip,-10.199455261230469,0.0,-10.619999885559082,0.0700000002980232,merck,syk
CHEMBL3265013,-9.81322193145752,0.0,-10.579999923706056,0.0700000002980232,merck,syk
CHEMBL3259820,-10.575678825378418,0.0,-10.0,0.0700000002980232,merck,syk
CHEMBL3265006,-9.95804214477539,0.0,-9.029999732971191,0.0799999982118606,merck,syk
CHEMBL3265030_n,-11.471863746643066,0.0,-11.329999923706056,0.0700000002980232,merck,syk
CHEMBL3265022,-10.791322708129885,0.0,-9.81999969482422,0.0700000002980232,merck,syk
CHEMBL3265019,-10.777045249938965,0.0,-11.670000076293944,0.0700000002980232,merck,syk
CHEMBL3265009,-10.297627449035645,0.0,-10.239999771118164,0.0700000002980232,merck,syk
CHEMBL3265021,-10.890737533569336,0.0,-10.260000228881836,0.0700000002980232,merck,syk
CHEMBL3265005,-10.323298454284668,0.0,-10.1899995803833,0.0700000002980232,merck,syk
CHEMBL3265017,-11.48725414276123,0.0,-11.40999984741211,0.0700000002980232,merck,syk
CHEMBL3265010,-10.132436752319336,0.0,-9.5600004196167,0.0700000002980232,merck,syk
CHEMBL3265034,-11.48725414276123,0.0,-11.59000015258789,0.0799999982118606,merck,syk
CHEMBL3265011 flip,-8.637885093688965,0.0,-8.359999656677246,0.0700000002980232,merck,syk
CHEMBL3265015 flip,-9.47731590270996,0.0,-7.869999885559082,0.0700000002980232,merck,syk
CHEMBL3265002,-10.617273330688477,0.0,-12.270000457763672,0.0700000002980232,merck,syk
docked CHEMBL3264998,-11.712096214294434,0.0,-12.279999732971191,0.1000000014901161,merck,syk
CHEMBL3264997,-10.983019828796388,0.0,-11.5600004196167,0.0799999982118606,merck,syk
docked CHEMBL3264994,-9.804960250854492,0.0,-10.670000076293944,0.1299999952316284,merck,syk
CHEMBL3264995,-12.381524085998535,0.0,-12.020000457763672,0.0700000002980232,merck,syk
docked CHEMBL3265004,-10.857505798339844,0.0,-11.93000030517578,0.0799999982118606,merck,syk
CHEMBL3265001,-12.03799057006836,0.0,-12.15999984741211,0.0799999982118606,merck,syk
CHEMBL3264996,-10.665895462036133,0.0,-11.529999732971191,0.0700000002980232,merck,syk
docked CHEMBL3264999 adjust,-11.41401481628418,0.0,-11.489999771118164,0.0700000002980232,merck,syk
redocked CHEMBL3265000 ground state,-11.811073303222656,0.0,-12.470000267028809,0.0799999982118606,merck,syk
redocked CHEMBL3265000,-11.811073303222656,0.0,-12.470000267028809,0.0700000002980232,merck,syk
CHEMBL3265003 tautomer 1,-10.820952415466309,0.0,-12.039999961853027,0.0700000002980232,merck,syk
CHEMBL3265003 tautomer 2,-10.820952415466309,0.0,-12.029999732971191,0.0799999982118606,merck,syk
1a,-8.550562858581543,0.0,-8.75,0.0700000002980232,merck,tnks2
1b,-9.937170028686523,0.0,-10.079999923706056,0.0700000002980232,merck,tnks2
3a,-10.996485710144045,0.0,-12.5,0.0700000002980232,merck,tnks2
3b,-11.519288063049316,0.0,-12.239999771118164,0.0700000002980232,merck,tnks2
5f,-10.26306438446045,0.0,-11.609999656677246,0.0700000002980232,merck,tnks2
5l,-10.09261703491211,0.0,-12.010000228881836,0.0700000002980232,merck,tnks2
5g,-10.805952072143556,0.0,-11.899999618530272,0.0700000002980232,merck,tnks2
5e,-10.107617378234863,0.0,-11.18000030517578,0.0700000002980232,merck,tnks2
5i,-12.078866958618164,0.0,-13.100000381469728,0.0700000002980232,merck,tnks2
5b,-10.474388122558594,0.0,-12.270000457763672,0.0700000002980232,merck,tnks2
5h,-10.04976749420166,0.0,-10.68000030517578,0.0700000002980232,merck,tnks2
5a,-10.75852870941162,0.0,-11.56999969482422,0.0700000002980232,merck,tnks2
5k,-10.963377952575684,0.0,-10.779999732971191,0.0700000002980232,merck,tnks2
5p,-10.5032958984375,0.0,-10.869999885559082,0.0700000002980232,merck,tnks2
5j,-11.08442211151123,0.0,-11.449999809265137,0.0700000002980232,merck,tnks2
5d,-10.8850679397583,0.0,-11.020000457763672,0.0700000002980232,merck,tnks2
5m,-12.6889009475708,0.0,-12.369999885559082,0.0700000002980232,merck,tnks2
5n,-10.71462059020996,0.0,-10.989999771118164,0.0700000002980232,merck,tnks2
5c,-9.960407257080078,0.0,-12.15999984741211,0.0700000002980232,merck,tnks2
7,-8.396805763244629,0.0,-8.699999809265137,0.0700000002980232,merck,tnks2
8a_neutral,-10.805952072143556,0.0,-10.260000228881836,0.0700000002980232,merck,tnks2
8b_neutral,-11.929967880249023,0.0,-11.770000457763672,0.0700000002980232,merck,tnks2
8c_adjust,-10.123006820678713,0.0,-8.119999885559082,0.0700000002980232,merck,tnks2
8d,-12.489546775817873,0.0,-9.8100004196167,0.0700000002980232,merck,tnks2
8e_adjust neutral,-10.24363613128662,0.0,-9.010000228881836,0.0700000002980232,merck,tnks2
8f_neutral,-11.811073303222656,0.0,-10.65999984741211,0.0700000002980232,merck,tnks2
8d_neutral equitorial,-12.489546775817873,0.0,-9.81999969482422,0.0700000002980232,merck,tnks2
8c_neutral equitorial,-10.123006820678713,0.0,-8.119999885559082,0.0700000002980232,merck,tnks2
5o_adjust,-12.03799057006836,0.0,-12.149999618530272,0.0700000002980232,merck,tnks2
8f,-11.811073303222656,0.0,-10.65999984741211,0.0700000002980232,merck,tnks2
8b,-11.929967880249023,0.0,-11.779999732971191,0.0700000002980232,merck,tnks2
8e,-10.24363613128662,0.0,-9.010000228881836,0.0700000002980232,merck,tnks2
8a,-10.805952072143556,0.0,-10.270000457763672,0.0700000002980232,merck,tnks2
17charg,-10.109999656677246,0.0,-9.960000038146973,0.2599999904632568,charge_annihilation_set,irak4_s2
17neu,-10.109999656677246,0.0,-9.949999809265137,0.25,charge_annihilation_set,irak4_s2
5neu,-9.609999656677246,0.0,-10.31999969482422,0.3000000119209289,charge_annihilation_set,irak4_s2
18,-10.920000076293944,0.0,-10.489999771118164,0.270000010728836,charge_annihilation_set,irak4_s2
6,-8.510000228881836,0.0,-7.099999904632568,0.270000010728836,charge_annihilation_set,irak4_s2
5charg,-9.609999656677246,0.0,-10.31999969482422,0.270000010728836,charge_annihilation_set,irak4_s2
14,-10.109999656677246,0.0,-10.84000015258789,0.2399999946355819,charge_annihilation_set,irak4_s2
11,-5.840000152587891,0.0,-5.260000228881836,0.3700000047683716,charge_annihilation_set,thrombin
1,-6.800000190734863,0.0,-6.46999979019165,0.3300000131130218,charge_annihilation_set,thrombin
3,-5.659999847412109,0.0,-5.630000114440918,0.3600000143051147,charge_annihilation_set,thrombin
jmb2009-4,-11.529999732971191,0.0,-13.350000381469728,0.3300000131130218,charge_annihilation_set,thrombin
10,-7.670000076293945,0.0,-6.480000019073486,0.3799999952316284,charge_annihilation_set,thrombin
2,-6.139999866485596,0.0,-6.449999809265137,0.3799999952316284,charge_annihilation_set,thrombin
9,-8.729999542236328,0.0,-8.539999961853027,0.1800000071525573,charge_annihilation_set,dlk
17charg,-10.4399995803833,0.0,-10.6899995803833,0.1899999976158142,charge_annihilation_set,dlk
17neu,-10.4399995803833,0.0,-10.699999809265137,0.1899999976158142,charge_annihilation_set,dlk
4charg,-9.329999923706056,0.0,-8.9399995803833,0.1899999976158142,charge_annihilation_set,dlk
4neu,-9.329999923706056,0.0,-8.9399995803833,0.2000000029802322,charge_annihilation_set,dlk
18,-9.979999542236328,0.0,-10.039999961853027,0.1800000071525573,charge_annihilation_set,dlk
8,-10.510000228881836,0.0,-10.90999984741211,0.1899999976158142,charge_annihilation_set,dlk
6a,-8.40999984741211,0.0,-8.899999618530273,0.4099999964237213,charge_annihilation_set,jnk1
19a_neu,-6.860000133514404,0.0,-6.03000020980835,0.4199999868869781,charge_annihilation_set,jnk1
19b_neu,-7.300000190734863,0.0,-7.889999866485596,0.4300000071525574,charge_annihilation_set,jnk1
19b_charg,-7.300000190734863,0.0,-7.889999866485596,0.449999988079071,charge_annihilation_set,jnk1
19a_charg,-6.860000133514404,0.0,-6.03000020980835,0.4300000071525574,charge_annihilation_set,jnk1
ejm_47,-9.789999961853027,0.0,-10.199999809265137,0.25,charge_annihilation_set,tyk2
jmc_32charg,-11.65999984741211,0.0,-10.300000190734863,0.3300000131130218,charge_annihilation_set,tyk2
jmc_31,-10.920000076293944,0.0,-11.529999732971191,0.3100000023841858,charge_annihilation_set,tyk2
jmc_32neu,-11.65999984741211,0.0,-11.399999618530272,0.3300000131130218,charge_annihilation_set,tyk2
ejm_52neu,-7.489999771118164,0.0,-7.860000133514404,0.25,charge_annihilation_set,tyk2
ejm_52charg,-7.489999771118164,0.0,-7.860000133514404,0.25,charge_annihilation_set,tyk2
ejm_46,-11.420000076293944,0.0,-11.279999732971191,0.25,charge_annihilation_set,tyk2
21,-9.88,0.0,-10.79,0.18,charge_annihilation_set,egfr
27neu,-9.94,0.0,-10.67,0.21,charge_annihilation_set,egfr
27chargR,-9.94,0.0,-10.67,0.21,charge_annihilation_set,egfr
27chargS,-9.94,0.0,-10.67,0.21,charge_annihilation_set,egfr
28neu,-10.7,0.0,-10.73,0.2,charge_annihilation_set,egfr
28charg,-10.7,0.0,-10.73,0.2,charge_annihilation_set,egfr
29neu,-10.46,0.0,-9.84,0.21,charge_annihilation_set,egfr
29charg,-10.46,0.0,-9.84,0.21,charge_annihilation_set,egfr
30neu,-11.25,0.0,-10.2,0.2,charge_annihilation_set,egfr
30charg,-11.25,0.0,-10.2,0.2,charge_annihilation_set,egfr
39neu,-8.369999885559082,0.0,-8.220000267028809,0.2599999904632568,charge_annihilation_set,cdk2
39charg,-8.369999885559082,0.0,-8.229999542236328,0.25,charge_annihilation_set,cdk2
34,-9.880000114440918,0.0,-10.229999542236328,0.25,charge_annihilation_set,cdk2
25,-9.829999923706056,0.0,-9.770000457763672,0.2599999904632568,charge_annihilation_set,cdk2
47charg,-11.25,0.0,-11.15999984741211,0.3199999928474426,charge_annihilation_set,ephx2
19charg,-8.239999771118164,0.0,-7.420000076293945,0.3300000131130218,charge_annihilation_set,ephx2
19neu,-8.239999771118164,0.0,-7.420000076293945,0.3700000047683716,charge_annihilation_set,ephx2
20,-9.140000343322754,0.0,-9.779999732971191,0.3300000131130218,charge_annihilation_set,ephx2
47neu,-11.25,0.0,-11.149999618530272,0.3499999940395355,charge_annihilation_set,ephx2
33,-10.739999771118164,0.0,-11.920000076293944,0.3199999928474426,charge_annihilation_set,ephx2
26charg,-7.440000057220459,0.0,-8.079999923706055,0.2599999904632568,charge_annihilation_set,ptp1b
26neu,-7.440000057220459,0.0,-8.069999694824219,0.2599999904632568,charge_annihilation_set,ptp1b
27,-9.229999542236328,0.0,-9.5600004196167,0.2599999904632568,charge_annihilation_set,ptp1b
32,-11.529999732971191,0.0,-9.93000030517578,0.2599999904632568,charge_annihilation_set,ptp1b
28neu,-9.5,0.0,-10.3100004196167,0.2599999904632568,charge_annihilation_set,irak4_s3
19charg,-10.600000381469728,0.0,-9.5,0.270000010728836,charge_annihilation_set,irak4_s3
29,-8.710000038146973,0.0,-9.359999656677246,0.270000010728836,charge_annihilation_set,irak4_s3
19neu,-10.600000381469728,0.0,-9.5,0.3000000119209289,charge_annihilation_set,irak4_s3
28charg,-9.5,0.0,-10.3100004196167,0.3000000119209289,charge_annihilation_set,irak4_s3
27,-8.710000038146973,0.0,-8.640000343322754,0.25,charge_annihilation_set,irak4_s3
17,-10.869999885559082,0.0,-10.84000015258789,0.4000000059604645,charge_annihilation_set,jak1
18charg,-11.300000190734863,0.0,-10.529999732971191,0.449999988079071,charge_annihilation_set,jak1
18neu,-11.300000190734863,0.0,-10.529999732971191,0.5299999713897705,charge_annihilation_set,jak1
jmc_25,-11.40999984741211,0.0,-11.510000228881836,0.4199999868869781,charge_annihilation_set,jak1
jmc_34,-13.06999969482422,0.0,-13.25,0.449999988079071,charge_annihilation_set,jak1
16charg,-10.539999961853027,0.0,-10.800000190734863,0.4199999868869781,charge_annihilation_set,jak1
16neu,-10.539999961853027,0.0,-10.800000190734863,0.4199999868869781,charge_annihilation_set,jak1
jmc_22,-11.350000381469728,0.0,-12.119999885559082,0.4699999988079071,charge_annihilation_set,jak1
17,-11.270000457763672,0.0,-12.329999923706056,0.209999993443489,charge_annihilation_set,itk
1neu,-12.56999969482422,0.0,-12.420000076293944,0.2199999988079071,charge_annihilation_set,itk
1charg,-12.56999969482422,0.0,-12.420000076293944,0.2300000041723251,charge_annihilation_set,itk
18,-12.770000457763672,0.0,-12.020000457763672,0.2199999988079071,charge_annihilation_set,itk
19,-13.06999969482422,0.0,-13.0600004196167,0.2300000041723251,charge_annihilation_set,itk
8a,-7.789851188659668,0.0,-6.289999961853027,0.1299999952316284,janssen_bace,bace_p3_arg368_in
8b,-8.512900352478027,0.0,-8.270000457763672,0.1400000005960464,janssen_bace,bace_p3_arg368_in
8c,-8.308263778686523,0.0,-7.670000076293945,0.1299999952316284,janssen_bace,bace_p3_arg368_in
8d,-8.349190711975098,0.0,-8.470000267028809,0.1299999952316284,janssen_bace,bace_p3_arg368_in
8e,-8.417403221130371,0.0,-7.510000228881836,0.1400000005960464,janssen_bace,bace_p3_arg368_in
8f,-7.462430953979492,0.0,-7.590000152587891,0.1299999952316284,janssen_bace,bace_p3_arg368_in
8g,-10.35463523864746,0.0,-9.399999618530272,0.1299999952316284,janssen_bace,bace_p3_arg368_in
17a,-10.94126033782959,0.0,-9.09000015258789,0.1199999973177909,janssen_bace,bace_p3_arg368_in
17b,-11.5824556350708,0.0,-11.460000038146973,0.1199999973177909,janssen_bace,bace_p3_arg368_in
17c,-11.74616527557373,0.0,-10.800000190734863,0.1199999973177909,janssen_bace,bace_p3_arg368_in
17d,-11.391462326049805,0.0,-11.520000457763672,0.1199999973177909,janssen_bace,bace_p3_arg368_in
17e,-11.95080280303955,0.0,-10.90999984741211,0.1299999952316284,janssen_bace,bace_p3_arg368_in
17f,-11.637025833129885,0.0,-11.0600004196167,0.1199999973177909,janssen_bace,bace_p3_arg368_in
17g,-11.118612289428713,0.0,-12.729999542236328,0.1199999973177909,janssen_bace,bace_p3_arg368_in
27a,-9.154098510742188,0.0,-9.06999969482422,0.1299999952316284,janssen_bace,bace_p3_arg368_in
27b,-9.972644805908203,0.0,-11.520000457763672,0.1800000071525573,janssen_bace,bace_p3_arg368_in
27c,-10.013572692871094,0.0,-11.3100004196167,0.1400000005960464,janssen_bace,bace_p3_arg368_in
27d,-9.276880264282228,0.0,-11.380000114440918,0.1299999952316284,janssen_bace,bace_p3_arg368_in
27e,-9.358736038208008,0.0,-10.109999656677246,0.1299999952316284,janssen_bace,bace_p3_arg368_in
27f,-9.099527359008787,0.0,-10.5,0.2000000029802322,janssen_bace,bace_p3_arg368_in
27g,-12.250936508178713,0.0,-12.039999961853027,0.1199999973177909,janssen_bace,bace_p3_arg368_in
29,-9.989999771118164,0.0,-9.979999542236328,0.1299999952316284,janssen_bace,keranen_p2
30,-10.359999656677246,0.0,-10.0600004196167,0.1299999952316284,janssen_bace,keranen_p2
31,-10.359999656677246,0.0,-9.93000030517578,0.1299999952316284,janssen_bace,keranen_p2
32,-10.359999656677246,0.0,-9.8100004196167,0.1299999952316284,janssen_bace,keranen_p2
33,-10.239999771118164,0.0,-10.220000267028809,0.1299999952316284,janssen_bace,keranen_p2
34,-10.149999618530272,0.0,-10.1899995803833,0.1299999952316284,janssen_bace,keranen_p2
35,-9.8100004196167,0.0,-9.890000343322754,0.1299999952316284,janssen_bace,keranen_p2
36o,-10.359999656677246,0.0,-10.010000228881836,0.1299999952316284,janssen_bace,keranen_p2
37o,-10.5600004196167,0.0,-10.899999618530272,0.1299999952316284,janssen_bace,keranen_p2
39o,-9.68000030517578,0.0,-10.550000190734863,0.1299999952316284,janssen_bace,keranen_p2
38o,-10.489999771118164,0.0,-11.010000228881836,0.1299999952316284,janssen_bace,keranen_p2
28o,-10.489999771118164,0.0,-10.239999771118164,0.1299999952316284,janssen_bace,keranen_p2
spiro16,-8.180000305175781,0.0,-8.279999732971191,0.1700000017881393,janssen_bace,bace_ciordia_prospective
spiro5,-7.760000228881836,0.0,-7.090000152587891,0.1599999964237213,janssen_bace,bace_ciordia_prospective
spiro2,-7.03000020980835,0.0,-6.670000076293945,0.1599999964237213,janssen_bace,bace_ciordia_prospective
spiro10,-8.5,0.0,-10.609999656677246,0.1599999964237213,janssen_bace,bace_ciordia_prospective
spiro3,-8.979999542236328,0.0,-8.970000267028809,0.1599999964237213,janssen_bace,bace_ciordia_prospective
spiro6,-9.529999732971191,0.0,-9.5600004196167,0.1500000059604644,janssen_bace,bace_ciordia_prospective
spiro4,-7.619999885559082,0.0,-7.210000038146973,0.1700000017881393,janssen_bace,bace_ciordia_prospective
spiro1,-7.519999980926514,0.0,-7.420000076293945,0.1599999964237213,janssen_bace,bace_ciordia_prospective
spiro15,-9.050000190734863,0.0,-8.359999656677246,0.1599999964237213,janssen_bace,bace_ciordia_prospective
1a,-6.084681987762451,0.0,-6.610000133514404,0.0799999982118606,janssen_bace,ciordia_retro
11,-8.703369140625,0.0,-9.130000114440918,0.0799999982118606,janssen_bace,ciordia_retro
12,-10.45694637298584,0.0,-9.640000343322754,0.0799999982118606,janssen_bace,ciordia_retro
13,-9.64326286315918,0.0,-9.619999885559082,0.0799999982118606,janssen_bace,ciordia_retro
14,-9.8362398147583,0.0,-9.130000114440918,0.0799999982118606,janssen_bace,ciordia_retro
15,-7.917439460754395,0.0,-9.109999656677246,0.0799999982118606,janssen_bace,ciordia_retro
16,-7.057740211486816,0.0,-9.119999885559082,0.0799999982118606,janssen_bace,ciordia_retro
17,-10.365072250366213,0.0,-10.460000038146973,0.0799999982118606,janssen_bace,ciordia_retro
18,-9.900985717773438,0.0,-8.970000267028809,0.0799999982118606,janssen_bace,ciordia_retro
19,-9.910837173461914,0.0,-9.039999961853027,0.0799999982118606,janssen_bace,ciordia_retro
20,-10.167583465576172,0.0,-10.039999961853027,0.0799999982118606,janssen_bace,ciordia_retro
21,-10.215289115905762,0.0,-9.649999618530272,0.0799999982118606,janssen_bace,ciordia_retro
22,-7.606921672821045,0.0,-8.829999923706055,0.0799999982118606,janssen_bace,ciordia_retro
23,-9.818963050842283,0.0,-9.0600004196167,0.0799999982118606,janssen_bace,ciordia_retro
24,-9.785843849182127,0.0,-8.850000381469727,0.0799999982118606,janssen_bace,ciordia_retro
25,-8.870043754577637,0.0,-9.25,0.0799999982118606,janssen_bace,ciordia_retro
26,-10.365072250366213,0.0,-9.31999969482422,0.0799999982118606,janssen_bace,ciordia_retro
27,-9.612375259399414,0.0,-9.460000038146973,0.0799999982118606,janssen_bace,ciordia_retro
28,-8.997004508972168,0.0,-9.0600004196167,0.0799999982118606,janssen_bace,ciordia_retro
29,-8.735666275024414,0.0,-8.069999694824219,0.0799999982118606,janssen_bace,ciordia_retro
30,-6.947381496429443,0.0,-8.100000381469727,0.0799999982118606,janssen_bace,ciordia_retro
31,-9.533543586730955,0.0,-9.170000076293944,0.0799999982118606,janssen_bace,ciordia_retro
32,-7.721524715423584,0.0,-8.40999984741211,0.0799999982118606,janssen_bace,ciordia_retro
33,-7.13992166519165,0.0,-8.75,0.0799999982118606,janssen_bace,ciordia_retro
34,-10.24935531616211,0.0,-9.59000015258789,0.0799999982118606,janssen_bace,ciordia_retro
35,-9.881757736206056,0.0,-9.06999969482422,0.0799999982118606,janssen_bace,ciordia_retro
36,-10.97872543334961,0.0,-10.949999809265137,0.0799999982118606,janssen_bace,ciordia_retro
37,-9.450016021728516,0.0,-9.100000381469728,0.0799999982118606,janssen_bace,ciordia_retro
38,-9.384933471679688,0.0,-9.220000267028809,0.0799999982118606,janssen_bace,ciordia_retro
39,-9.360767364501951,0.0,-8.529999732971191,0.0799999982118606,janssen_bace,ciordia_retro
40,-8.64596939086914,0.0,-8.800000190734863,0.0799999982118606,janssen_bace,ciordia_retro
41,-9.109971046447754,0.0,-9.1899995803833,0.0799999982118606,janssen_bace,ciordia_retro
30_protonated,-6.947381496429443,0.0,-8.100000381469727,0.1199999973177909,janssen_bace,ciordia_retro
31,-8.350000381469727,0.0,-8.8100004196167,0.2300000041723251,scaffold_hopping_set,bace1
7,-7.710000038146973,0.0,-7.190000057220459,0.2300000041723251,scaffold_hopping_set,bace1
6,-7.829999923706055,0.0,-7.889999866485596,0.2300000041723251,scaffold_hopping_set,bace1
Edoxaban,-12.59000015258789,0.0,-11.579999923706056,0.3000000119209289,scaffold_hopping_set,factor_xa
4d,-11.720000267028809,0.0,-12.369999885559082,0.3000000119209289,scaffold_hopping_set,factor_xa
4c,-11.789999961853027,0.0,-12.149999618530272,0.3000000119209289,scaffold_hopping_set,factor_xa
61a,-12.0,0.0,-12.100000381469728,0.2899999916553497,bayer_macrocycles,brd4
25e,-11.300000190734863,0.0,-10.550000190734863,0.2899999916553497,bayer_macrocycles,brd4
11,-8.199999809265137,0.0,-8.850000381469727,0.2899999916553497,bayer_macrocycles,brd4
12,-9.83295726776123,0.0,-9.300000190734863,0.1599999964237213,miscellaneous_set,cdk8
13,-11.19720458984375,0.0,-11.390000343322754,0.1700000017881393,miscellaneous_set,cdk8
14,-11.031554222106934,0.0,-10.8100004196167,0.1500000059604644,miscellaneous_set,cdk8
15,-9.720175743103027,0.0,-10.170000076293944,0.1700000017881393,miscellaneous_set,cdk8
16,-10.635504722595217,0.0,-11.640000343322754,0.1599999964237213,miscellaneous_set,cdk8
17,-10.395273208618164,0.0,-12.149999618530272,0.1599999964237213,miscellaneous_set,cdk8
19,-10.224825859069824,0.0,-10.100000381469728,0.1700000017881393,miscellaneous_set,cdk8
20,-10.28314971923828,0.0,-9.43000030517578,0.1500000059604644,miscellaneous_set,cdk8
21,-9.862342834472656,0.0,-8.210000038146973,0.1599999964237213,miscellaneous_set,cdk8
22,-11.290130615234377,0.0,-11.279999732971191,0.1599999964237213,miscellaneous_set,cdk8
6MRG ligand,-10.287250518798828,0.0,-8.899999618530273,0.1000000014901161,miscellaneous_set,faah
fig 3,-10.59958553314209,0.0,-11.020000457763672,0.0900000035762786,miscellaneous_set,faah
2,-8.665205001831055,0.0,-8.619999885559082,0.0900000035762786,miscellaneous_set,faah
4,-11.324654579162598,0.0,-10.829999923706056,0.0900000035762786,miscellaneous_set,faah
6,-10.420489311218262,0.0,-9.989999771118164,0.1099999994039535,miscellaneous_set,faah
9,-10.565720558166504,0.0,-10.720000267028809,0.0900000035762786,miscellaneous_set,faah
11,-12.122775077819824,0.0,-10.5600004196167,0.0900000035762786,miscellaneous_set,faah
12,-11.046184539794922,0.0,-11.970000267028809,0.1000000014901161,miscellaneous_set,faah
15,-8.590265274047852,0.0,-8.350000381469727,0.0900000035762786,miscellaneous_set,faah
14,-7.842516899108887,0.0,-8.539999961853027,0.0900000035762786,miscellaneous_set,faah
19,-7.972322940826416,0.0,-7.46999979019165,0.0900000035762786,miscellaneous_set,faah
20,-6.821234703063965,0.0,-7.139999866485596,0.0900000035762786,miscellaneous_set,faah
22,-9.97237777709961,0.0,-9.25,0.1000000014901161,miscellaneous_set,faah
23,-10.67374324798584,0.0,-11.609999656677246,0.1000000014901161,miscellaneous_set,faah
24,-11.627310752868652,0.0,-11.539999961853027,0.0900000035762786,miscellaneous_set,faah
25,-12.03799057006836,0.0,-11.68000030517578,0.0900000035762786,miscellaneous_set,faah
26,-10.67374324798584,0.0,-11.0600004196167,0.0900000035762786,miscellaneous_set,faah
27,-11.187724113464355,0.0,-11.06999969482422,0.1000000014901161,miscellaneous_set,faah
28,-11.589073181152344,0.0,-10.699999809265137,0.0900000035762786,miscellaneous_set,faah
29,-10.805952072143556,0.0,-10.670000076293944,0.1000000014901161,miscellaneous_set,faah
30,-9.903937339782717,0.0,-10.6899995803833,0.0900000035762786,miscellaneous_set,faah
31,-11.290130615234377,0.0,-11.039999961853027,0.0900000035762786,miscellaneous_set,faah
33 (Saha 2018),-9.73618984222412,0.0,-11.260000228881836,0.0900000035762786,miscellaneous_set,faah
39,-10.71462059020996,0.0,-11.800000190734863,0.0900000035762786,miscellaneous_set,faah
1,-11.759520530700684,0.0,-10.449999809265137,0.1199999973177909,miscellaneous_set,hiv1_protease
9,-10.5032958984375,0.0,-10.100000381469728,0.1199999973177909,miscellaneous_set,hiv1_protease
10,-10.805952072143556,0.0,-10.59000015258789,0.1199999973177909,miscellaneous_set,hiv1_protease
11 (2cen),-11.324654579162598,0.0,-10.949999809265137,0.1199999973177909,miscellaneous_set,hiv1_protease
12,-11.268184661865234,0.0,-10.979999542236328,0.1199999973177909,miscellaneous_set,hiv1_protease
13,-10.857505798339844,0.0,-11.1899995803833,0.1199999973177909,miscellaneous_set,hiv1_protease
14,-10.67374324798584,0.0,-11.90999984741211,0.1199999973177909,miscellaneous_set,hiv1_protease
15,-10.976399421691896,0.0,-11.779999732971191,0.1199999973177909,miscellaneous_set,hiv1_protease
16,-11.061184883117676,0.0,-11.979999542236328,0.1199999973177909,miscellaneous_set,hiv1_protease
17,-11.48725414276123,0.0,-10.279999732971191,0.1199999973177909,miscellaneous_set,hiv1_protease
18,-11.838635444641112,0.0,-11.300000190734863,0.1199999973177909,miscellaneous_set,hiv1_protease
19,-10.857505798339844,0.0,-11.3100004196167,0.1199999973177909,miscellaneous_set,hiv1_protease
20,-11.53597927093506,0.0,-12.140000343322754,0.1199999973177909,miscellaneous_set,hiv1_protease
18a,-6.327748299,0.04405217391,-6.460000038,0.07999999821,miscellaneous_set,galectin
18b,-7.460412979,0.03681176471,-6.590000153,0.07999999821,miscellaneous_set,galectin
18d,-6.764764786,0.05454545455,-6.039999962,0.07999999821,miscellaneous_set,galectin
18e,-6.472980022,0.1166666667,-6.389999866,0.07999999821,miscellaneous_set,galectin
18f,-5.532726765,0.1363636364,-5.900000095,0.09000000358,miscellaneous_set,galectin
18g,-6.472980022,0.05,-5.940000057,0.07999999821,miscellaneous_set,galectin
18h,-5.999876022,0.0825,-5.710000038,0.07999999821,miscellaneous_set,galectin
18i,-4.806076527,0.0,-5.519999981,0.07999999821,miscellaneous_set,galectin
17m,-4.104710579,0.03648979592,-4.349999905,0.09000000358,miscellaneous_set,galectin
17q,-4.9898386,0.02709090909,-5.449999809,0.07999999821,miscellaneous_set,galectin
17r,-4.749606609,0.03612121212,-5.090000153,0.07999999821,miscellaneous_set,galectin
17n,-4.914099216,0.04768,-5.46999979,0.07999999821,miscellaneous_set,galectin
17p,-5.046308517,0.0298,-5.71999979,0.07999999821,miscellaneous_set,galectin
17o,-5.1087327,0.03311111111,-5.269999981,0.07999999821,miscellaneous_set,galectin
17f,-6.581002712,0.01192,-6.460000038,0.07999999821,miscellaneous_set,galectin
17e,-6.896974087,0.03409090909,-6.570000172,0.07999999821,miscellaneous_set,galectin
17g,-7.208675861,0.03438461538,-6.829999924,0.07999999821,miscellaneous_set,galectin
17a,-5.532726765,0.07773913043,-5.159999847,0.07999999821,miscellaneous_set,galectin
17j,-6.440945625,0.03136842105,-6.349999905,0.07999999821,miscellaneous_set,galectin
17l,-5.943406105,0.05282727273,-6.409999847,0.07999999821,miscellaneous_set,galectin
17c,-6.354085445,0.01896363636,-6.150000095,0.07999999821,miscellaneous_set,galectin
17k,-6.621879578,0.05534285714,-6.75,0.07999999821,miscellaneous_set,galectin
17b,-5.506390095,0.03239130435,-5.150000095,0.07999999821,miscellaneous_set,galectin
17h flip,-6.327748299,0.02591304348,-6.170000076,0.07999999821,miscellaneous_set,galectin
17i,-5.943406105,0.0149,-6.389999866,0.07999999821,miscellaneous_set,galectin
17d,-6.150896072,0.02499354839,-5.960000038,0.07999999821,miscellaneous_set,galectin
2,-7.687934875488281,0.0,-8.069999694824219,0.2800000011920929,miscellaneous_set,btk
7,-9.084606170654297,0.0,-8.229999542236328,0.25,miscellaneous_set,btk
8,-9.606385231018066,0.0,-8.289999961853027,0.2399999946355819,miscellaneous_set,btk
9-flip,-8.33090591430664,0.0,-8.9399995803833,0.2300000041723251,miscellaneous_set,btk
10,-10.870059967041016,0.0,-11.350000381469728,0.270000010728836,miscellaneous_set,btk
11,-11.524829864501951,0.0,-12.210000038146973,0.270000010728836,miscellaneous_set,btk
6,-7.032558917999268,0.0,-5.179999828338623,0.1199999973177909,mcs_docking_set,hne
14,-10.325488090515137,0.0,-11.4399995803833,0.1099999994039535,mcs_docking_set,hne
15,-12.27822208404541,0.0,-11.899999618530272,0.1099999994039535,mcs_docking_set,hne
16,-11.838635444641112,0.0,-11.170000076293944,0.1099999994039535,mcs_docking_set,hne
17,-11.41401481628418,0.0,-11.1899995803833,0.1099999994039535,mcs_docking_set,hne
18,-10.75852870941162,0.0,-11.229999542236328,0.1299999952316284,mcs_docking_set,hne
19,-11.53597927093506,0.0,-10.140000343322754,0.1099999994039535,mcs_docking_set,hne
20,-10.5032958984375,0.0,-12.369999885559082,0.1299999952316284,mcs_docking_set,hne
21,-12.27822208404541,0.0,-11.850000381469728,0.1400000005960464,mcs_docking_set,hne
22,-11.36131477355957,0.0,-11.270000457763672,0.1099999994039535,mcs_docking_set,hne
23,-10.371087074279783,0.0,-12.109999656677246,0.1400000005960464,mcs_docking_set,hne
25,-11.999752044677734,0.0,-12.390000343322754,0.1400000005960464,mcs_docking_set,hne
26,-12.580878257751465,0.0,-12.260000228881836,0.1199999973177909,mcs_docking_set,hne
27,-14.488014221191406,0.0,-14.010000228881836,0.1199999973177909,mcs_docking_set,hne
28,-12.643302917480469,0.0,-11.93000030517578,0.1500000059604644,mcs_docking_set,hne
29,-13.897701263427734,0.0,-14.869999885559082,0.1199999973177909,mcs_docking_set,hne
30,-13.099580764770508,0.0,-14.199999809265137,0.1500000059604644,mcs_docking_set,hne
21 neutral,-12.27822208404541,0.0,-11.300000190734863,0.1400000005960464,mcs_docking_set,hne
19 neutral,-11.53597927093506,0.0,-11.3100004196167,0.1099999994039535,mcs_docking_set,hne
16 neutral,-11.838635444641112,0.0,-11.93000030517578,0.1099999994039535,mcs_docking_set,hne
b1i5k_xray,-11.867584228515623,0.0,-10.420000076293944,0.1199999973177909,mcs_docking_set,renin
b1i5j,-11.456809043884276,0.0,-10.960000038146973,0.1299999952316284,mcs_docking_set,renin
b1i2n,-10.976457595825195,0.0,-10.369999885559082,0.1000000014901161,mcs_docking_set,renin
b1i5i,-11.456809043884276,0.0,-11.029999732971191,0.1000000014901161,mcs_docking_set,renin
b1i5h,-10.805927276611328,0.0,-10.869999885559082,0.1000000014901161,mcs_docking_set,renin
b1i5l,-9.65300178527832,0.0,-9.489999771118164,0.1000000014901161,mcs_docking_set,renin
b1i5n,-10.243584632873535,0.0,-9.899999618530272,0.1000000014901161,mcs_docking_set,renin
b1a2m,-9.60566234588623,0.0,-11.020000457763672,0.0900000035762786,mcs_docking_set,renin
b1i2o,-10.565683364868164,0.0,-11.539999961853027,0.1000000014901161,mcs_docking_set,renin
b1i5o,-10.03608226776123,0.0,-10.489999771118164,0.1599999964237213,mcs_docking_set,renin
b1i4i,-8.79079818725586,0.0,-8.289999961853027,0.1000000014901161,mcs_docking_set,renin
b1i4e,-10.188878059387209,0.0,-9.1899995803833,0.1000000014901161,mcs_docking_set,renin
b1i4g,-8.354374885559082,0.0,-7.079999923706055,0.1000000014901161,mcs_docking_set,renin
b1i1,-7.394491195678711,0.0,-8.550000190734863,0.1000000014901161,mcs_docking_set,renin
b1i2a,-8.699529647827148,0.0,-9.6899995803833,0.1000000014901161,mcs_docking_set,renin
b1i2e,-10.474414825439451,0.0,-9.43000030517578,0.0900000035762786,mcs_docking_set,renin
b1i2i,-9.814119338989258,0.0,-11.039999961853027,0.1000000014901161,mcs_docking_set,renin
b1i2j,-11.324613571166992,0.0,-9.390000343322754,0.0900000035762786,mcs_docking_set,renin
b1i5c,-11.867584228515623,0.0,-9.979999542236328,0.1000000014901161,mcs_docking_set,renin
b1i5b,-8.007719993591309,0.0,-10.079999923706056,0.1000000014901161,mcs_docking_set,renin
b1i2k,-10.63553237915039,0.0,-10.380000114440918,0.1000000014901161,mcs_docking_set,renin
b1i2h,-9.823533058166504,0.0,-10.020000457763672,0.1000000014901161,mcs_docking_set,renin
b1i2g,-8.338004112243652,0.0,-9.380000114440918,0.1000000014901161,mcs_docking_set,renin
b1i4b,-8.390936851501465,0.0,-9.239999771118164,0.0900000035762786,mcs_docking_set,renin
b1i5a,-10.395288467407228,0.0,-9.720000267028809,0.1199999973177909,mcs_docking_set,renin
b1i2d,-8.413992881774902,0.0,-8.550000190734863,0.1000000014901161,mcs_docking_set,renin
b1i4a,-7.235419750213623,0.0,-8.890000343322754,0.0900000035762786,mcs_docking_set,renin
b1i5d,-11.216565132141112,0.0,-10.4399995803833,0.1199999973177909,mcs_docking_set,renin
b1i2c,-6.883717060089111,0.0,-7.480000019073486,0.1000000014901161,mcs_docking_set,renin
cmpd 5 (1-Butenyl),-7.639999866485596,0.0,-8.529999732971191,0.1800000071525573,water_set,brd4
cmpd 2 (methyl),-9.59000015258789,0.0,-7.550000190734863,0.1599999964237213,water_set,brd4
cmpd 3 (Allyl),-7.090000152587891,0.0,-7.710000038146973,0.1700000017881393,water_set,brd4
cmpd 9 (methoxyethyl),-7.21999979019165,0.0,-6.929999828338623,0.1599999964237213,water_set,brd4
cmpd 6 (ethyl),-8.59000015258789,0.0,-7.849999904632568,0.1800000071525573,water_set,brd4
cmpd 8 (n-Butyl),-7.659999847412109,0.0,-8.59000015258789,0.1599999964237213,water_set,brd4
cmpd 7 (n-propyl),-7.019999980926514,0.0,-7.909999847412109,0.1700000017881393,water_set,brd4
cmpd 4 (Crotyl),-8.640000343322754,0.0,-8.390000343322754,0.1700000017881393,water_set,brd4
2d pose 2,-6.630871772766113,0.0,-7.0,0.0900000035762786,water_set,thrombin
2c pose 2,-7.285645008087158,0.0,-7.300000190734863,0.0900000035762786,water_set,thrombin
7b,-7.409305095672607,0.0,-6.900000095367432,0.0900000035762786,water_set,thrombin
7c pose 1,-8.008489608764648,0.0,-7.449999809265137,0.0900000035762786,water_set,thrombin
7f,-6.122768878936768,0.0,-7.380000114440918,0.0900000035762786,water_set,thrombin
2b pose 1,-7.285645008087158,0.0,-7.539999961853027,0.0900000035762786,water_set,thrombin
1a pose 2,-7.409305095672607,0.0,-6.869999885559082,0.0900000035762786,water_set,thrombin
7e pose 1,-5.654734134674072,0.0,-7.659999847412109,0.0900000035762786,water_set,thrombin
6a pose 1,-9.910837173461914,0.0,-9.09000015258789,0.0900000035762786,water_set,thrombin
5,-6.793628215789795,0.0,-6.230000019073486,0.0900000035762786,water_set,thrombin
1c pose 2,-8.579615592956543,0.0,-8.75,0.0900000035762786,water_set,thrombin
2a pose 2,-6.616480827331543,0.0,-6.909999847412109,0.0900000035762786,water_set,thrombin
7a pose 2,-7.624663829803467,0.0,-7.610000133514404,0.0900000035762786,water_set,thrombin
3b pose 1,-7.254891872406006,0.0,-7.420000076293945,0.0900000035762786,water_set,thrombin
6d pose 2,-8.73290729522705,0.0,-9.65999984741211,0.0900000035762786,water_set,thrombin
6c pose 1,-9.01440715789795,0.0,-8.869999885559082,0.0900000035762786,water_set,thrombin
3a xtal pose,-8.120434761047363,0.0,-7.96999979019165,0.0900000035762786,water_set,thrombin
1b pose 2,-9.256064414978027,0.0,-8.010000228881836,0.0900000035762786,water_set,thrombin
6b pose 2,-9.03689956665039,0.0,-8.34000015258789,0.0900000035762786,water_set,thrombin
6e pose 1,-8.647159576416016,0.0,-8.220000267028809,0.0900000035762786,water_set,thrombin
1d pose 2,-8.601290702819824,0.0,-8.8100004196167,0.0900000035762786,water_set,thrombin
3d,-9.19326877593994,0.0,-9.1899995803833,0.3100000023841858,water_set,scyt_dehyd
8d,-10.628399848937988,0.0,-10.970000267028809,0.3199999928474426,water_set,scyt_dehyd
2d,-13.481749534606934,0.0,-13.5,0.3199999928474426,water_set,scyt_dehyd
4d,-15.34340000152588,0.0,-13.619999885559082,0.2899999916553497,water_set,scyt_dehyd
5d,-13.253490447998049,0.0,-14.68000030517578,0.3000000119209289,water_set,scyt_dehyd
6d,-9.405847549438477,0.0,-10.949999809265137,0.3100000023841858,water_set,scyt_dehyd
7d,-15.251520156860352,0.0,-13.65999984741211,0.2899999916553497,water_set,scyt_dehyd
"10302 (1GJ7, no water pose)",-10.82235622406006,0.0,-11.039999961853027,0.209999993443489,water_set,urokinase
11417 (no water pose),-10.5656099319458,0.0,-10.050000190734863,0.209999993443489,water_set,urokinase
7806 (no water pose),-8.651498794555664,0.0,-8.960000038146973,0.209999993443489,water_set,urokinase
8696 (no water pose),-9.802173614501951,0.0,-9.789999961853027,0.209999993443489,water_set,urokinase
21 (Xtal),-13.06863021850586,0.0,-13.100000381469728,0.2399999946355819,water_set,chk1
22,-13.06863021850586,0.0,-12.640000343322754,0.3499999940395355,water_set,chk1
24 pose 2,-13.177300453186035,0.0,-11.510000228881836,0.2800000011920929,water_set,chk1
14 docked,-10.870059967041016,0.0,-11.229999542236328,0.3799999952316284,water_set,chk1
18 docked,-9.549579620361328,0.0,-10.270000457763672,0.3199999928474426,water_set,chk1
13 docked,-9.920853614807127,0.0,-11.5,0.25,water_set,chk1
20,-10.082300186157228,0.0,-9.229999542236328,0.2800000011920929,water_set,chk1
12 docked,-8.612431526184082,0.0,-8.479999542236328,0.25,water_set,chk1
16 docked,-11.781579971313477,0.0,-12.06999969482422,0.3100000023841858,water_set,chk1
19,-10.249360084533691,0.0,-9.59000015258789,0.3199999928474426,water_set,chk1
17 torsion adjust,-10.323949813842772,0.0,-10.18000030517578,0.25,water_set,chk1
15 docked,-10.043829917907717,0.0,-9.109999656677246,0.25,water_set,chk1
11 docked,-10.978730201721191,0.0,-12.8100004196167,0.3799999952316284,water_set,chk1
cmpd 5 (1-Butenyl),-10.0,0.0,-9.59000015258789,0.1599999964237213,water_set,taf12
cmpd 2 (methyl),-9.859999656677246,0.0,-9.449999809265137,0.1500000059604644,water_set,taf12
cmpd 3 (Allyl),-8.34000015258789,0.0,-8.670000076293945,0.1599999964237213,water_set,taf12
cmpd 9 (methoxyethyl),-7.690000057220459,0.0,-7.610000133514404,0.1599999964237213,water_set,taf12
cmpd 6 (ethyl),-8.529999732971191,0.0,-8.819999694824219,0.1599999964237213,water_set,taf12
cmpd 8 (n-Butyl),-8.279999732971191,0.0,-8.680000305175781,0.1599999964237213,water_set,taf12
cmpd 7 (n-propyl),-8.119999885559082,0.0,-8.369999885559082,0.1599999964237213,water_set,taf12
cmpd 4 (Crotyl),-8.710000038146973,0.0,-8.329999923706055,0.1599999964237213,water_set,taf12
cmpd 16,-10.329999923706056,0.0,-10.100000381469728,0.1400000005960464,water_set,hsp90_kung
cmpd 9,-7.920000076293945,0.0,-8.3100004196167,0.1400000005960464,water_set,hsp90_kung
cmpd 13,-10.149999618530272,0.0,-11.4399995803833,0.1500000059604644,water_set,hsp90_kung
cmpd 14,-7.820000171661377,0.0,-7.349999904632568,0.1500000059604644,water_set,hsp90_kung
cmpd 15,-9.609999656677246,0.0,-9.43000030517578,0.1400000005960464,water_set,hsp90_kung
cmpd 7,-9.40999984741211,0.0,-7.070000171661377,0.1500000059604644,water_set,hsp90_kung
cmpd 17,-10.739999771118164,0.0,-11.1899995803833,0.1400000005960464,water_set,hsp90_kung
cmpd 11,-9.1899995803833,0.0,-9.670000076293944,0.1500000059604644,water_set,hsp90_kung
cmpd 12,-9.1899995803833,0.0,-10.529999732971191,0.1400000005960464,water_set,hsp90_kung
cmpd 10,-9.1899995803833,0.0,-10.300000190734863,0.1500000059604644,water_set,hsp90_kung
cmpd 8,-6.860000133514404,0.0,-5.039999961853027,0.1500000059604644,water_set,hsp90_kung
4,-8.930000305175781,0.0,-8.800000190734863,0.2000000029802322,water_set,hsp90_woodhead
1,-12.720000267028809,0.0,-13.100000381469728,0.209999993443489,water_set,hsp90_woodhead
3,-8.079999923706055,0.0,-7.949999809265137,0.2000000029802322,water_set,hsp90_woodhead
2,-10.739999771118164,0.0,-10.619999885559082,0.2000000029802322,water_set,hsp90_woodhead
