DG (kcal/mol),uncertainty (kcal/mol),Exp DG (kcal/mol),Exp dDG (kcal/mol),partner_id,dataset_name
-8.82397048984928,0.1195204309099287,-9.8362398147583,0.0,ASAP,asap_mix/ciordia_retro/results_data
-9.95679787792723,0.1675552595598861,-9.881757736206056,0.0,ASAP,asap_mix/ciordia_retro/results_data
-9.465890397294675,0.1261611805708548,-9.612375259399414,0.0,ASAP,asap_mix/ciordia_retro/results_data
-9.780895447858644,0.1653116682666706,-9.785843849182127,0.0,ASAP,asap_mix/ciordia_retro/results_data
-9.856960914553206,0.120258980659769,-9.900985717773438,0.0,ASAP,asap_mix/ciordia_retro/results_data
-10.241308093030948,0.0956919060314387,-10.167583465576172,0.0,ASAP,asap_mix/ciordia_retro/results_data
-8.58372148620211,0.2303214516795911,-9.8100004196167,0.0,ASAP,asap_mix/keranen_p2/results_data
-9.671766809632992,0.274738953425448,-9.109971046447754,0.0,ASAP,asap_mix/ciordia_retro/results_data
-7.697500675992657,0.1949918937713463,-8.64596939086914,0.0,ASAP,asap_mix/ciordia_retro/results_data
-8.49738258708884,0.0671448458213513,-9.533543586730955,0.0,ASAP,asap_mix/ciordia_retro/results_data
-6.581831266264587,0.1743742171729597,-6.084681987762451,0.0,ASAP,asap_mix/ciordia_retro/results_data
-10.117828177159796,0.1069629604102082,-10.215289115905762,0.0,ASAP,asap_mix/ciordia_retro/results_data
-9.936848070280568,0.0708703023166464,-10.45694637298584,0.0,ASAP,asap_mix/ciordia_retro/results_data
-9.3884394040058,0.1261552996721533,-8.870043754577637,0.0,ASAP,asap_mix/ciordia_retro/results_data
-9.25906106859508,0.1271395225913618,-9.910837173461914,0.0,ASAP,asap_mix/ciordia_retro/results_data
-10.992466260558396,0.0853037687118959,-10.149999618530272,0.0,ASAP,asap_mix/keranen_p2/results_data
-8.95096805473964,0.2029202469324159,-10.365072250366213,0.0,ASAP,asap_mix/ciordia_retro/results_data
-9.91656563948438,0.1019815558968807,-10.489999771118164,0.0,ASAP,asap_mix/keranen_p2/results_data
-10.345875773027718,0.1008973509048907,-9.989999771118164,0.0,ASAP,asap_mix/keranen_p2/results_data
-10.849020841153036,0.0836671712060572,-10.365072250366213,0.0,ASAP,asap_mix/ciordia_retro/results_data
-8.423589351848378,0.082007534126414,-9.450016021728516,0.0,ASAP,asap_mix/ciordia_retro/results_data
-8.921525712265435,0.217795831484754,-8.735666275024414,0.0,ASAP,asap_mix/ciordia_retro/results_data
-11.32728068793748,0.2706205594210309,-10.97872543334961,0.0,ASAP,asap_mix/ciordia_retro/results_data
-9.051832928974244,0.2682083328835495,-9.818963050842283,0.0,ASAP,asap_mix/ciordia_retro/results_data
-9.386997127856992,0.1766559823064211,-9.384933471679688,0.0,ASAP,asap_mix/ciordia_retro/results_data
-8.328489717922512,0.0969494033861039,-7.917439460754394,0.0,ASAP,asap_mix/ciordia_retro/results_data
-8.346093047346223,0.0754029550546906,-9.360767364501951,0.0,ASAP,asap_mix/ciordia_retro/results_data
-9.93192355658623,0.2095088708848677,-10.359999656677246,0.0,ASAP,asap_mix/keranen_p2/results_data
-10.172920894834569,0.1464422100173149,-10.359999656677246,0.0,ASAP,asap_mix/keranen_p2/results_data
-11.415852910527583,0.1949248614252461,-10.359999656677246,0.0,ASAP,asap_mix/keranen_p2/results_data
-11.200034633520334,0.0714242649601414,-10.5600004196167,0.0,ASAP,asap_mix/keranen_p2/results_data
-10.762417989702806,0.0624669257994771,-10.359999656677246,0.0,ASAP,asap_mix/keranen_p2/results_data
-10.1411119110908,0.0609697705806377,-10.489999771118164,0.0,ASAP,asap_mix/keranen_p2/results_data
-10.003585464690511,0.0695319941794526,-9.68000030517578,0.0,ASAP,asap_mix/keranen_p2/results_data
-7.943518177038822,0.1199301083319956,-7.721524715423584,0.0,ASAP,asap_mix/ciordia_retro/results_data
-8.214865713251394,0.1232178954847055,-7.606921672821045,0.0,ASAP,asap_mix/ciordia_retro/results_data
-9.383521953895643,0.1582599241434811,-10.239999771118164,0.0,ASAP,asap_mix/keranen_p2/results_data
-8.915501729105134,0.0935767387270358,-8.997004508972168,0.0,ASAP,asap_mix/ciordia_retro/results_data
-8.065385808487367,0.0829949113510869,-7.13992166519165,0.0,ASAP,asap_mix/ciordia_retro/results_data
-9.58563194133719,0.2131735145160982,-9.64326286315918,0.0,ASAP,asap_mix/ciordia_retro/results_data
-8.355862435646895,0.1250687379783826,-6.947381496429443,0.0,ASAP,asap_mix/ciordia_retro/results_data
-8.454974341660058,0.0675564586140183,-8.703369140625,0.0,ASAP,asap_mix/ciordia_retro/results_data
-10.01190111392506,0.0700330849069184,-10.24935531616211,0.0,ASAP,asap_mix/ciordia_retro/results_data
-7.9198612621646305,0.1532710544743932,-7.057740211486816,0.0,ASAP,asap_mix/ciordia_retro/results_data
-8.13283647374057,0.4233263611517207,-8.429832458496094,0.0,AstraZeneca,eg5/merck_set_eg5/results_data
-10.154301826418076,0.2928482207302225,-9.497721672058104,0.0,AstraZeneca,eg5/merck_set_eg5/results_data
-7.818410182884457,0.4241937012697478,-8.75107479095459,0.0,AstraZeneca,eg5/merck_set_eg5/results_data
-10.125304239151758,0.3993402951009621,-11.283177375793455,0.0,AstraZeneca,eg5/merck_set_eg5/results_data
-10.021860801837123,0.3467128900554878,-10.432616233825684,0.0,AstraZeneca,eg5/merck_set_eg5/results_data
-10.17351711419424,0.2733437903659864,-11.524834632873535,0.0,AstraZeneca,eg5/merck_set_eg5/results_data
-9.421240873082764,0.6816676710147497,-10.59618091583252,0.0,AstraZeneca,eg5/merck_set_eg5/results_data
-12.932291126345106,0.3091921796507614,-11.524834632873535,0.0,AstraZeneca,eg5/merck_set_eg5/results_data
-10.821008376276913,0.3057633858422706,-10.921920776367188,0.0,AstraZeneca,eg5/merck_set_eg5/results_data
-12.221451206631912,0.29153362989792,-10.5656099319458,0.0,AstraZeneca,eg5/merck_set_eg5/results_data
-10.67696224989772,0.3009633369138731,-11.696293830871582,0.0,AstraZeneca,eg5/merck_set_eg5/results_data
-10.534696151372057,0.5196395957417432,-11.391841888427734,0.0,AstraZeneca,eg5/merck_set_eg5/results_data
-12.342404654347682,0.6582353028822738,-11.191304206848145,0.0,AstraZeneca,eg5/merck_set_eg5/results_data
-12.21040765975138,0.5266083663763934,-11.524834632873535,0.0,AstraZeneca,eg5/merck_set_eg5/results_data
-10.518137369028576,1.2959007614483011,-10.778188705444336,0.0,AstraZeneca,eg5/merck_set_eg5/results_data
-11.942970623242283,0.7209900180106066,-11.93795108795166,0.0,AstraZeneca,eg5/merck_set_eg5/results_data
-11.221268805758918,0.6317889348566721,-11.93795108795166,0.0,AstraZeneca,eg5/merck_set_eg5/results_data
-9.979878655357748,0.36385723150193,-9.497721672058104,0.0,AstraZeneca,eg5/merck_set_eg5/results_data
-11.558441749153136,0.3556640338486092,-10.24935531616211,0.0,AstraZeneca,eg5/merck_set_eg5/results_data
-11.51185516623025,0.8447131934522566,-11.283177375793455,0.0,AstraZeneca,eg5/merck_set_eg5/results_data
-10.375433241962304,1.94573705283246,-11.111719131469728,0.0,AstraZeneca,eg5/merck_set_eg5/results_data
-10.785868452011972,0.73431927314601,-10.59618091583252,0.0,AstraZeneca,eg5/merck_set_eg5/results_data
-11.08328233043298,0.3093523093157568,-10.662470817565918,0.0,AstraZeneca,eg5/merck_set_eg5/results_data
-10.4744712199907,0.3175048758638719,-9.931042671203612,0.0,AstraZeneca,eg5/merck_set_eg5/results_data
-13.07981651825497,0.6856962242921352,-10.921920776367188,0.0,AstraZeneca,eg5/merck_set_eg5/results_data
-11.51454531400891,0.4696900277470159,-11.191304206848145,0.0,AstraZeneca,eg5/merck_set_eg5/results_data
-10.487883111632897,0.433637785734761,-11.391841888427734,0.0,AstraZeneca,eg5/merck_set_eg5/results_data
-11.475586336657054,2.0505283625748856,-9.863131523132324,0.0,AstraZeneca,eg5/merck_set_eg5/results_data
-11.402894217075296,0.0989006168216343,-10.26306438446045,0.0,AstraZeneca,merck_tnks2/merck_tnks2/results_data
-12.421707960025875,0.0962760658106868,-10.09261703491211,0.0,AstraZeneca,merck_tnks2/merck_tnks2/results_data
-12.625494956183244,0.0888837656027824,-10.474388122558594,0.0,AstraZeneca,merck_tnks2/merck_tnks2/results_data
-12.812462937755344,0.0802631592283998,-11.08442211151123,0.0,AstraZeneca,merck_tnks2/merck_tnks2/results_data
-11.890630555472276,0.0737443035893037,-9.960407257080078,0.0,AstraZeneca,merck_tnks2/merck_tnks2/results_data
-11.38709522669746,0.0747007535646423,-10.8850679397583,0.0,AstraZeneca,merck_tnks2/merck_tnks2/results_data
-10.8784850260487,0.126140826571321,-10.107617378234863,0.0,AstraZeneca,merck_tnks2/merck_tnks2/results_data
-9.786737719366236,0.1665991944215911,-8.396805763244629,0.0,AstraZeneca,merck_tnks2/merck_tnks2/results_data
-11.13738410368922,0.2807620383680592,-10.71462059020996,0.0,AstraZeneca,merck_tnks2/merck_tnks2/results_data
-11.898645964464228,0.1061806729539292,-12.078866958618164,0.0,AstraZeneca,merck_tnks2/merck_tnks2/results_data
-10.338206824371351,0.1426946776667182,-10.04976749420166,0.0,AstraZeneca,merck_tnks2/merck_tnks2/results_data
-11.715316336903465,0.0934885289992485,-12.6889009475708,0.0,AstraZeneca,merck_tnks2/merck_tnks2/results_data
-8.274455120844415,0.153671361929056,-10.123006820678713,0.0,AstraZeneca,merck_tnks2/merck_tnks2/results_data
-11.13473621910604,0.0928062727620406,-10.963377952575684,0.0,AstraZeneca,merck_tnks2/merck_tnks2/results_data
-8.370489110375633,0.1868944164515012,-10.24363613128662,0.0,AstraZeneca,merck_tnks2/merck_tnks2/results_data
-9.267431384743272,0.1461037753813676,-12.489546775817873,0.0,AstraZeneca,merck_tnks2/merck_tnks2/results_data
-8.876856163583875,0.2408395597666753,-11.929967880249023,0.0,AstraZeneca,merck_tnks2/merck_tnks2/results_data
-12.110218853737926,0.1006937111688614,-11.519288063049316,0.0,AstraZeneca,merck_tnks2/merck_tnks2/results_data
-12.182331415797616,0.0939597438980398,-10.996485710144045,0.0,AstraZeneca,merck_tnks2/merck_tnks2/results_data
-11.422159094054896,0.2814242352436265,-10.5032958984375,0.0,AstraZeneca,merck_tnks2/merck_tnks2/results_data
-8.432279394132312,0.2405632994483323,-10.805952072143556,0.0,AstraZeneca,merck_tnks2/merck_tnks2/results_data
-12.119246166375586,0.2523570598616743,-12.03799057006836,0.0,AstraZeneca,merck_tnks2/merck_tnks2/results_data
-11.522206858521557,0.0730516671087207,-10.75852870941162,0.0,AstraZeneca,merck_tnks2/merck_tnks2/results_data
-10.669377702492923,0.1260499334422306,-9.937170028686523,0.0,AstraZeneca,merck_tnks2/merck_tnks2/results_data
-8.875666904860902,0.1174358239223292,-8.550562858581543,0.0,AstraZeneca,merck_tnks2/merck_tnks2/results_data
-9.35098212248568,0.1619394178232484,-11.811073303222656,0.0,AstraZeneca,merck_tnks2/merck_tnks2/results_data
-11.74014477995297,0.1174887257091675,-10.805952072143556,0.0,AstraZeneca,merck_tnks2/merck_tnks2/results_data
-9.293386892547243,0.3265284626804526,-9.109999656677246,0.0,BI,bi_public/jacs_ptp1b/result_data
-6.978457104393564,0.2055964736747963,-7.75,0.0,BI,bi_public/jacs_ptp1b/result_data
-8.007852629870413,0.2121514998987001,-8.609999656677246,0.0,BI,bi_public/jacs_ptp1b/result_data
-7.439692132765784,0.2147567830303546,-7.75,0.0,BI,bi_public/jacs_ptp1b/result_data
-9.582200978594129,0.2625800446341843,-8.720000267028809,0.0,BI,bi_public/jacs_ptp1b/result_data
-10.163480787742518,0.2430363441867954,-9.869999885559082,0.0,BI,bi_public/jacs_ptp1b/result_data
-11.822052858157225,0.1579983945304423,-9.88,0.0,BI,bi_public/charge_annihilation_egfr/results_data
-11.400051629054689,0.2406681665452516,-10.7,0.0,BI,bi_public/charge_annihilation_egfr/results_data
-9.965837141282682,0.2586070187729586,-9.40999984741211,0.0,BI,bi_public/jacs_ptp1b/result_data
-9.818784443676495,0.1472670969381621,-9.94,0.0,BI,bi_public/charge_annihilation_egfr/results_data
-8.766090514573039,0.3690992718699803,-7.71999979019165,0.0,BI,bi_public/jacs_ptp1b/result_data
-7.247258067416906,0.1882081932576643,-7.340000152587891,0.0,BI,bi_public/jacs_ptp1b/result_data
-9.36142662436038,0.1941042402864039,-9.079999923706056,0.0,BI,bi_public/jacs_ptp1b/result_data
-9.206581187584264,0.1882487266813051,-8.850000381469727,0.0,BI,bi_public/jacs_ptp1b/result_data
-10.279720528600716,0.3023907465147352,-10.010000228881836,0.0,BI,bi_public/jacs_ptp1b/result_data
-11.02231991311778,0.3135021412010575,-11.420000076293944,0.0,BI,bi_public/jacs_ptp1b/result_data
-9.238038348119453,0.339135744730981,-8.720000267028809,0.0,BI,bi_public/jacs_ptp1b/result_data
-10.717169581906,0.2525595691814609,-10.130000114440918,0.0,BI,bi_public/jacs_ptp1b/result_data
-7.310320414865241,0.3046232280274016,-8.649999618530273,0.0,BI,bi_public/jacs_ptp1b/result_data
-11.648503757949118,0.3155808904225236,-12.470000267028809,0.0,BI,bi_public/jacs_ptp1b/result_data
-9.666074362764611,0.3210551941456304,-11.010000228881836,0.0,BI,bi_public/jacs_ptp1b/result_data
-10.177262587392793,0.3203758358249908,-7.75,0.0,BI,bi_public/jacs_ptp1b/result_data
-6.510863606012092,0.1768135899997408,-7.849999904632568,0.0,BI,bi_public/jacs_ptp1b/result_data
-7.318502027175729,0.2863889550252004,-7.71999979019165,0.0,BI,bi_public/jacs_ptp1b/result_data
-8.360620693101232,0.2261584298913583,-9.140000343322754,0.0,BI,bi_public/jacs_ptp1b/result_data
-9.20834086173019,0.2226210103467281,-8.390000343322754,0.0,BI,bi_public/jacs_ptp1b/result_data
-11.036660062470704,0.103121145043278,-11.720000267028809,0.0,BI,bi_public/scaffold_hopping_factor_xa/results_data
-9.632400213926534,0.3664754528491011,-10.46,0.0,BI,bi_public/charge_annihilation_egfr/results_data
-9.586710855185068,0.1373748994838146,-11.25,0.0,BI,bi_public/charge_annihilation_egfr/results_data
-11.009649656381336,0.125228147780485,-9.68000030517578,0.0,BI,bi_public/jacs_jnk1/result_data
-11.061876250980069,0.2334781951175789,-10.140000343322754,0.0,BI,bi_public/jacs_jnk1/result_data
-10.32640375679178,0.1068449844763147,-9.989999771118164,0.0,BI,bi_public/jacs_jnk1/result_data
-8.363334340299929,0.1314562734992316,-8.869999885559082,0.0,BI,bi_public/jacs_jnk1/result_data
-8.048761042344882,0.1305149540277341,-8.670000076293945,0.0,BI,bi_public/jacs_jnk1/result_data
-7.361454356965428,0.1161704324923334,-8.489999771118164,0.0,BI,bi_public/jacs_jnk1/result_data
-7.816979070186402,0.1196176640544299,-9.140000343322754,0.0,BI,bi_public/jacs_jnk1/result_data
-8.027707923131267,0.1365680930705808,-9.170000076293944,0.0,BI,bi_public/jacs_jnk1/result_data
-10.4590677936116,0.1346290037654153,-10.09000015258789,0.0,BI,bi_public/jacs_jnk1/result_data
-10.55929219015318,0.1354921636280121,-10.68000030517578,0.0,BI,bi_public/jacs_jnk1/result_data
-9.373131956071342,0.1040174499099087,-9.40999984741211,0.0,BI,bi_public/jacs_jnk1/result_data
-7.43651750178778,0.1853491836169389,-8.699999809265137,0.0,BI,bi_public/jacs_jnk1/result_data
-7.959334486968943,0.1701828476874975,-8.479999542236328,0.0,BI,bi_public/jacs_jnk1/result_data
-8.0432765106945,0.1899998621812689,-8.109999656677246,0.0,BI,bi_public/jacs_jnk1/result_data
-8.287173364503259,0.1342813224012598,-9.079999923706056,0.0,BI,bi_public/jacs_jnk1/result_data
-9.769543738007451,0.3640400320092654,-8.699999809265137,0.0,BI,bi_public/jacs_jnk1/result_data
-10.402288358653005,0.3553081441785767,-9.699999809265137,0.0,BI,bi_public/jacs_jnk1/result_data
-11.160630025849835,0.2770686153127345,-9.739999771118164,0.0,BI,bi_public/jacs_jnk1/result_data
-8.608984042173816,0.2044554288964644,-7.510000228881836,0.0,BI,bi_public/jacs_jnk1/result_data
-7.615036624300573,0.1935709028143445,-7.289999961853027,0.0,BI,bi_public/jacs_jnk1/result_data
-11.097877935252116,0.1036548266167112,-11.789999961853027,0.0,BI,bi_public/scaffold_hopping_factor_xa/results_data
-13.96546238374697,0.205520586998381,-12.59000015258789,0.0,BI,bi_public/scaffold_hopping_factor_xa/results_data
-9.419556666820665,0.317449591983967,-9.470000267028809,0.0,BI,bi_public/jacs_jnk1/result_data
-10.814269309825235,0.5192336919314532,-11.109999656677246,0.0,BMS,bms_cdk2/jacs_cdk2/results_data
-6.945274313207484,0.2293785050178458,-7.829999923706055,0.0,BMS,bms_cdk2/jacs_cdk2/results_data
-6.580728800666799,0.5033663446458384,-7.860000133514404,0.0,BMS,bms_cdk2/jacs_cdk2/results_data
-8.577888185380234,0.2987120949497145,-8.720000267028809,0.0,BMS,bms_cdk2/jacs_cdk2/results_data
-10.628711177124696,0.3242982805262168,-9.079999923706056,0.0,BMS,bms_cdk2/jacs_cdk2/results_data
-8.715538504012407,0.1950433759756376,-7.039999961853027,0.0,BMS,bms_cdk2/jacs_cdk2/results_data
-9.67703896774289,0.2295739169068835,-9.789999961853027,0.0,BMS,bms_cdk2/jacs_cdk2/results_data
-8.30594571149035,0.2418397405318161,-8.430000305175781,0.0,BMS,bms_cdk2/jacs_cdk2/results_data
-10.804463729258082,0.2970246759896325,-11.25,0.0,BMS,bms_cdk2/jacs_cdk2/results_data
-8.71371259376857,0.1950137667069131,-7.670000076293945,0.0,BMS,bms_cdk2/jacs_cdk2/results_data
-7.604836592438982,0.1912013354013,-8.180000305175781,0.0,BMS,bms_cdk2/jacs_cdk2/results_data
-8.992595495025991,0.2317502753838137,-9.539999961853027,0.0,BMS,bms_cdk2/jacs_cdk2/results_data
-10.664569798973162,0.3018135575885849,-9.880000114440918,0.0,BMS,bms_cdk2/jacs_cdk2/results_data
-10.3061075102609,0.2406218192588456,-9.739999771118164,0.0,BMS,bms_cdk2/jacs_cdk2/results_data
-9.322677186602997,0.2866921784007096,-9.8100004196167,0.0,BMS,bms_cdk2/jacs_cdk2/results_data
-9.025642906237714,0.3890541054293517,-9.75,0.0,BMS,bms_cdk2/jacs_cdk2/results_data
-9.53775609159652,0.5172376140557561,-8.710000038146973,0.0,Bayer,bayer_mix/charge_annhil_Irak4_S3/results_data
-11.046168576370013,0.1827176032906896,-10.857505798339844,0.0,Bayer,bayer_mix/misc_HIV1_protease/results_data
-13.196728298416655,0.1828427657987861,-10.67374324798584,0.0,Bayer,bayer_mix/misc_HIV1_protease/results_data
-13.201782687640785,0.178687543978499,-11.061184883117676,0.0,Bayer,bayer_mix/misc_HIV1_protease/results_data
-13.38031029315872,0.1865763139623587,-10.976399421691896,0.0,Bayer,bayer_mix/misc_HIV1_protease/results_data
-10.1935955833819,0.1899612796626417,-10.857505798339844,0.0,Bayer,bayer_mix/misc_HIV1_protease/results_data
-11.054388827525042,0.6939564096695221,-12.0,0.0,Bayer,bayer_mix/Bayer_macrocycles_BRD4/results_data
-10.969058627319386,0.1506739948491959,-11.759520530700684,0.0,Bayer,bayer_mix/misc_HIV1_protease/results_data
-9.53208664774432,0.8344127934493514,-8.199999809265137,0.0,Bayer,bayer_mix/Bayer_macrocycles_BRD4/results_data
-10.913524524730638,0.6753330967554709,-11.300000190734863,0.0,Bayer,bayer_mix/Bayer_macrocycles_BRD4/results_data
-11.29952724316153,0.0719325552484119,-10.920000076293944,0.0,Bayer,bayer_mix/charge_annhil_Irak4_s2/results_data
-10.749007782464307,0.0755886439713197,-10.109999656677246,0.0,Bayer,bayer_mix/charge_annhil_Irak4_s2/results_data
-8.028690687570528,0.0832878266456348,-8.510000228881836,0.0,Bayer,bayer_mix/charge_annhil_Irak4_s2/results_data
-10.201157227156257,0.1631657114670349,-9.609999656677246,0.0,Bayer,bayer_mix/charge_annhil_Irak4_s2/results_data
-8.993044622905956,0.0877361032163189,-10.109999656677246,0.0,Bayer,bayer_mix/charge_annhil_Irak4_s2/results_data
-8.1817106123031,0.1690948233917987,-7.659999847412109,0.0,Bayer,bayer_mix/waterset_BRD4/results_data
-8.847361328076301,0.1601183966726221,-8.640000343322754,0.0,Bayer,bayer_mix/waterset_BRD4/results_data
-8.173465255980712,0.2084677771829078,-7.639999866485596,0.0,Bayer,bayer_mix/waterset_BRD4/results_data
-9.7571848922991,0.193683887229646,-10.805952072143556,0.0,Bayer,bayer_mix/misc_HIV1_protease/results_data
-7.697501485902808,0.1606127998713403,-8.59000015258789,0.0,Bayer,bayer_mix/waterset_BRD4/results_data
-6.714781265177985,0.146516168206273,-7.090000152587891,0.0,Bayer,bayer_mix/waterset_BRD4/results_data
-8.503404834131407,0.1475164168256953,-9.59000015258789,0.0,Bayer,bayer_mix/waterset_BRD4/results_data
-9.995743487195938,0.2184241324326143,-10.600000381469728,0.0,Bayer,bayer_mix/charge_annhil_Irak4_S3/results_data
-9.313241273313295,0.2212143153248506,-9.5,0.0,Bayer,bayer_mix/charge_annhil_Irak4_S3/results_data
-9.566593040716512,0.1904671066894749,-8.710000038146973,0.0,Bayer,bayer_mix/charge_annhil_Irak4_S3/results_data
-10.46589535345371,0.1904184844151829,-11.838635444641112,0.0,Bayer,bayer_mix/misc_HIV1_protease/results_data
-10.549490426688214,0.1815979524618377,-11.324654579162598,0.0,Bayer,bayer_mix/misc_HIV1_protease/results_data
-10.715406829168796,0.3781701359744212,-11.48725414276123,0.0,Bayer,bayer_mix/misc_HIV1_protease/results_data
-10.059722305685543,0.1785708197325209,-10.5032958984375,0.0,Bayer,bayer_mix/misc_HIV1_protease/results_data
-11.5086842790529,0.2298258966395686,-11.53597927093506,0.0,Bayer,bayer_mix/misc_HIV1_protease/results_data
-7.376766962256758,0.2126429387847211,-7.019999980926514,0.0,Bayer,bayer_mix/waterset_BRD4/results_data
-7.955008542273227,0.2160698280460805,-7.21999979019165,0.0,Bayer,bayer_mix/waterset_BRD4/results_data
-9.905787597486356,0.1858700785633903,-11.268184661865234,0.0,Bayer,bayer_mix/misc_HIV1_protease/results_data
-6.700136433102735,0.1322353613040621,-7.710000038146973,0.0,Bayer,bayer_mix/scaffold_hopping_BACE1/results_data
-8.273124442974092,0.0808623203766172,-7.829999923706055,0.0,Bayer,bayer_mix/scaffold_hopping_BACE1/results_data
-8.916739467245927,0.0991868735313874,-8.350000381469727,0.0,Bayer,bayer_mix/scaffold_hopping_BACE1/results_data
-9.414267631381508,0.2264440136936671,-10.188878059387209,0.0,GSK,gsk_renin/mcs_docking_renin/results_data
-10.345308329015934,0.1651881054925789,-10.5032958984375,0.0,GSK,gsk_hne/MCS_DOCKING_HNE/results_data
-10.191846221933655,0.1358339012024007,-11.41401481628418,0.0,GSK,gsk_hne/MCS_DOCKING_HNE/results_data
-10.899363362338368,0.1495432980796522,-12.27822208404541,0.0,GSK,gsk_hne/MCS_DOCKING_HNE/results_data
-14.030434793614765,0.2672039425903489,-13.099580764770508,0.0,GSK,gsk_hne/MCS_DOCKING_HNE/results_data
-9.636301295193435,0.2781063124616825,-12.27822208404541,0.0,GSK,gsk_hne/MCS_DOCKING_HNE/results_data
-10.394072465629364,0.1232440799087172,-10.325488090515137,0.0,GSK,gsk_hne/MCS_DOCKING_HNE/results_data
-9.708481114524693,0.1135412806688733,-10.75852870941162,0.0,GSK,gsk_hne/MCS_DOCKING_HNE/results_data
-9.045231286647455,0.2479087544948882,-7.032558917999268,0.0,GSK,gsk_hne/MCS_DOCKING_HNE/results_data
-14.41805493590477,0.2630672222117408,-12.643302917480469,0.0,GSK,gsk_hne/MCS_DOCKING_HNE/results_data
-9.280989463288796,0.2117019497457736,-8.920000076,0.0,GSK,gsk_jacs_mcl1/jacs_mcl1/results_data
-11.516674926596812,0.1080301839536337,-11.36131477355957,0.0,GSK,gsk_hne/MCS_DOCKING_HNE/results_data
-15.256152216025784,0.2669728084153941,-13.897701263427734,0.0,GSK,gsk_hne/MCS_DOCKING_HNE/results_data
-12.380887531547677,0.1354879465360417,-11.999752044677734,0.0,GSK,gsk_hne/MCS_DOCKING_HNE/results_data
-15.385628818139528,0.1773378937788937,-14.488014221191406,0.0,GSK,gsk_hne/MCS_DOCKING_HNE/results_data
-14.174578057681018,0.1680243041293301,-12.580878257751465,0.0,GSK,gsk_hne/MCS_DOCKING_HNE/results_data
-9.169218227775108,0.1187556833899216,-11.53597927093506,0.0,GSK,gsk_hne/MCS_DOCKING_HNE/results_data
-10.51705263881222,0.1300648962126552,-11.838635444641112,0.0,GSK,gsk_hne/MCS_DOCKING_HNE/results_data
-10.954588134678502,0.2004499663609874,-9.960000038,0.0,GSK,gsk_jacs_mcl1/jacs_mcl1/results_data
-10.497164997090984,0.2219308378412134,-10.63553237915039,0.0,GSK,gsk_renin/mcs_docking_renin/results_data
-7.445907529647281,0.2289008789647507,-8.354374885559082,0.0,GSK,gsk_renin/mcs_docking_renin/results_data
-11.88121519673337,0.1313033829746965,-10.371087074279783,0.0,GSK,gsk_hne/MCS_DOCKING_HNE/results_data
-10.198159956179538,0.387416196392164,-11.867584228515623,0.0,GSK,gsk_renin/mcs_docking_renin/results_data
-12.050117686946232,0.3559600475378043,-11.456809043884276,0.0,GSK,gsk_renin/mcs_docking_renin/results_data
-10.492319207715218,0.199282518168438,-11.324613571166992,0.0,GSK,gsk_renin/mcs_docking_renin/results_data
-11.857277308072645,0.2819486979316565,-11.216565132141112,0.0,GSK,gsk_renin/mcs_docking_renin/results_data
-10.62622655363274,0.4204636685806862,-8.007719993591309,0.0,GSK,gsk_renin/mcs_docking_renin/results_data
-13.277341711368418,0.397859189250862,-11.867584228515623,0.0,GSK,gsk_renin/mcs_docking_renin/results_data
-12.098474099453856,0.3493545725859615,-10.395288467407228,0.0,GSK,gsk_renin/mcs_docking_renin/results_data
-10.836397656690744,0.2314294247793459,-10.565683364868164,0.0,GSK,gsk_renin/mcs_docking_renin/results_data
-6.819936355811761,0.4916587011095601,-7.394491195678711,0.0,GSK,gsk_renin/mcs_docking_renin/results_data
-8.249623727359069,0.1778593990500049,-7.235419750213623,0.0,GSK,gsk_renin/mcs_docking_renin/results_data
-8.878655355610446,0.1883882257887332,-8.338004112243652,0.0,GSK,gsk_renin/mcs_docking_renin/results_data
-9.684575510090706,0.1773994366573977,-8.390936851501465,0.0,GSK,gsk_renin/mcs_docking_renin/results_data
-9.197870937079342,0.1798358832441382,-10.976457595825195,0.0,GSK,gsk_renin/mcs_docking_renin/results_data
-6.253812579035097,0.4419382662607206,-6.883717060089111,0.0,GSK,gsk_renin/mcs_docking_renin/results_data
-9.170027917377508,0.4499488833455063,-8.413992881774902,0.0,GSK,gsk_renin/mcs_docking_renin/results_data
-9.460947635016236,0.1774079993149914,-8.699529647827148,0.0,GSK,gsk_renin/mcs_docking_renin/results_data
-9.977287121814207,0.3358466712915569,-10.243584632873535,0.0,GSK,gsk_renin/mcs_docking_renin/results_data
-11.262745548563997,0.3189112345957156,-10.805927276611328,0.0,GSK,gsk_renin/mcs_docking_renin/results_data
-8.77287090974822,0.2353518035558285,-9.65300178527832,0.0,GSK,gsk_renin/mcs_docking_renin/results_data
-8.21875741882367,0.2772422796910995,-8.79079818725586,0.0,GSK,gsk_renin/mcs_docking_renin/results_data
-7.320233051716858,0.4262864692819035,-10.03608226776123,0.0,GSK,gsk_renin/mcs_docking_renin/results_data
-8.758741039688728,0.1699315470210404,-9.60566234588623,0.0,GSK,gsk_renin/mcs_docking_renin/results_data
-10.585801625823567,0.2070727671190777,-9.814119338989258,0.0,GSK,gsk_renin/mcs_docking_renin/results_data
-11.444694528615102,0.2243002611239831,-11.456809043884276,0.0,GSK,gsk_renin/mcs_docking_renin/results_data
-10.023267139430224,0.1969924816654638,-9.823533058166504,0.0,GSK,gsk_renin/mcs_docking_renin/results_data
-8.650241833149112,0.1959637056797069,-8.949999809,0.0,GSK,gsk_jacs_mcl1/jacs_mcl1/results_data
-10.04361247170283,0.2173378870115801,-10.474414825439451,0.0,GSK,gsk_renin/mcs_docking_renin/results_data
-8.07459295139039,0.2157404650773341,-9.329999924,0.0,GSK,gsk_jacs_mcl1/jacs_mcl1/results_data
-7.480397664965229,0.3042083014340412,-8.899999619,0.0,GSK,gsk_jacs_mcl1/jacs_mcl1/results_data
-9.460770667151216,0.3546184477350366,-8.430000305,0.0,GSK,gsk_jacs_mcl1/jacs_mcl1/results_data
-7.051230486404166,0.3090374207029976,-8.449999809,0.0,GSK,gsk_jacs_mcl1/jacs_mcl1/results_data
-7.252953061517954,0.3271089022121559,-7.960000038,0.0,GSK,gsk_jacs_mcl1/jacs_mcl1/results_data
-9.790877666605631,0.3429665991652221,-9.5,0.0,GSK,gsk_jacs_mcl1/jacs_mcl1/results_data
-5.7663652248229065,0.2929473339906604,-6.619999886,0.0,GSK,gsk_jacs_mcl1/jacs_mcl1/results_data
-5.913969697339352,0.4304702585482883,-6.940000057,0.0,GSK,gsk_jacs_mcl1/jacs_mcl1/results_data
-8.087785348174027,0.3580076039995574,-8.829999924,0.0,GSK,gsk_jacs_mcl1/jacs_mcl1/results_data
-8.888502900822854,1.0249633905511937,-7.019999981,0.0,GSK,gsk_jacs_mcl1/jacs_mcl1/results_data
-6.709316837742415,0.2963318459375669,-7.599999905,0.0,GSK,gsk_jacs_mcl1/jacs_mcl1/results_data
-7.931011124066399,0.4740029149968904,-7.25,0.0,GSK,gsk_jacs_mcl1/jacs_mcl1/results_data
-5.778915207284527,0.1656300560975321,-5.78000021,0.0,GSK,gsk_jacs_mcl1/jacs_mcl1/results_data
-6.33546199944347,0.1756517224698629,-7.849999905,0.0,GSK,gsk_jacs_mcl1/jacs_mcl1/results_data
-6.37516346473447,0.2948710371533294,-7.03000021,0.0,GSK,gsk_jacs_mcl1/jacs_mcl1/results_data
-8.519621845535745,0.1444558856369004,-7.920000076,0.0,GSK,gsk_jacs_mcl1/jacs_mcl1/results_data
-6.244894701961966,0.4044681723976095,-6.579999924,0.0,GSK,gsk_jacs_mcl1/jacs_mcl1/results_data
-7.141650993209783,0.3745847800195224,-7.03000021,0.0,GSK,gsk_jacs_mcl1/jacs_mcl1/results_data
-7.904945953942301,0.429907879222357,-8.949999809,0.0,GSK,gsk_jacs_mcl1/jacs_mcl1/results_data
-9.808590377581076,0.3243285664642225,-9.779999733,0.0,GSK,gsk_jacs_mcl1/jacs_mcl1/results_data
-2.901574421834175,0.5043554655537847,-6.659999847,0.0,GSK,gsk_jacs_mcl1/jacs_mcl1/results_data
-8.957322980519953,0.2085688087031326,-9.260000229,0.0,GSK,gsk_jacs_mcl1/jacs_mcl1/results_data
-10.98773635413766,0.2030203358778108,-9.409999847,0.0,GSK,gsk_jacs_mcl1/jacs_mcl1/results_data
-11.13845254411138,0.2266837337128321,-9.06000042,0.0,GSK,gsk_jacs_mcl1/jacs_mcl1/results_data
-10.589151251902614,0.2152245906646777,-8.409999847,0.0,GSK,gsk_jacs_mcl1/jacs_mcl1/results_data
-9.773481386474115,0.2444804245856476,-7.579999924,0.0,GSK,gsk_jacs_mcl1/jacs_mcl1/results_data
-8.329579812895538,0.2160732770998812,-8.079999924,0.0,GSK,gsk_jacs_mcl1/jacs_mcl1/results_data
-9.86263913906076,0.1971840176839763,-9.229999542,0.0,GSK,gsk_jacs_mcl1/jacs_mcl1/results_data
-7.846842905594083,0.1497089592520854,-8.81000042,0.0,GSK,gsk_jacs_mcl1/jacs_mcl1/results_data
-7.675105910506579,0.3950730612469657,-6.869999886,0.0,GSK,gsk_jacs_mcl1/jacs_mcl1/results_data
-7.720728613782551,0.2076390816060912,-8.359999657,0.0,GSK,gsk_jacs_mcl1/jacs_mcl1/results_data
-8.762319924753193,0.3139426306094283,-8.239999771,0.0,GSK,gsk_jacs_mcl1/jacs_mcl1/results_data
-8.949477486646456,0.1922810199721136,-8.180000305,0.0,GSK,gsk_jacs_mcl1/jacs_mcl1/results_data
-7.896433761247787,0.3513141150379834,-7.690000057,0.0,GSK,gsk_jacs_mcl1/jacs_mcl1/results_data
-6.320904501921057,0.1385253026272459,-6.119999886,0.0,GSK,gsk_jacs_mcl1/jacs_mcl1/results_data
-7.821984419097131,0.3121283179027554,-9.039999962,0.0,GSK,gsk_jacs_mcl1/jacs_mcl1/results_data
-8.51913256896257,0.3153476247932137,-8.670000076,0.0,GSK,gsk_jacs_mcl1/jacs_mcl1/results_data
-7.115580809606355,0.3909363450524026,-6.880000114,0.0,GSK,gsk_jacs_mcl1/jacs_mcl1/results_data
-8.688712877133383,0.4697257091519913,-7.130000114,0.0,GSK,gsk_jacs_mcl1/jacs_mcl1/results_data
-7.913350700179009,0.2767549470654356,-7.789802551269531,0.0,Genentech,jak2_set2_genentech/fragments_jak2_set2/results_data
-8.779017966264293,0.2522686911915814,-8.325143814086914,0.0,Genentech,jak2_set2_genentech/fragments_jak2_set2/results_data
-9.83122635897547,0.2146444923905664,-8.067665100097656,0.0,Genentech,jak2_set2_genentech/fragments_jak2_set2/results_data
-11.022554899425682,0.0793784950381246,-11.3100004196167,0.0,Genentech,tyk2_genentech/jacs_set_tyk2/results_data
-11.854763012973482,0.3471735177530944,-11.391841888427734,0.0,Genentech,genentech_mix/merck_cdk8/results_data
-8.661724144044825,0.1830256604748636,-9.696937561035156,0.0,Genentech,jak2_set2_genentech/fragments_jak2_set2/results_data
-7.617974083676883,0.1248661853577919,-8.260000228881836,0.0,Genentech,tyk2_genentech/jacs_set_tyk2/results_data
-6.446270841193229,0.1378193182100025,-7.420000076293945,0.0,Genentech,tyk2_genentech/jacs_set_tyk2/results_data
-8.666542058078335,0.2023949572861169,-8.340335845947266,0.0,Genentech,jak2_set2_genentech/fragments_jak2_set2/results_data
-9.557738605441164,0.1135398889014505,-9.5600004196167,0.0,Genentech,tyk2_genentech/jacs_set_tyk2/results_data
-9.662893592841572,0.0925964463067408,-8.979999542236328,0.0,Genentech,tyk2_genentech/jacs_set_tyk2/results_data
-11.428034357509382,0.0839632162990774,-10.9399995803833,0.0,Genentech,tyk2_genentech/jacs_set_tyk2/results_data
-11.193739863740436,0.0857573578122642,-11.279999732971191,0.0,Genentech,tyk2_genentech/jacs_set_tyk2/results_data
-10.399710829396293,0.0785785698110356,-10.979999542236328,0.0,Genentech,tyk2_genentech/jacs_set_tyk2/results_data
-11.096362322919733,0.0533232519899835,-11.699999809265137,0.0,Genentech,tyk2_genentech/jacs_set_tyk2/results_data
-9.129267360786429,0.1207449278394543,-9.0,0.0,Genentech,tyk2_genentech/jacs_set_tyk2/results_data
-9.82880464210406,0.044157691046708,-9.539999961853027,0.0,Genentech,tyk2_genentech/jacs_set_tyk2/results_data
-6.969325342060074,0.835288182968256,-7.379123210906982,0.0,Genentech,jak2_set2_genentech/fragments_jak2_set2/results_data
-9.7674757341319,0.1818186758931092,-9.699999809265137,0.0,Genentech,tyk2_genentech/jacs_set_tyk2/results_data
-9.343486482680229,0.0538815030701502,-9.779999732971191,0.0,Genentech,tyk2_genentech/jacs_set_tyk2/results_data
-8.786546351803489,0.1002002221495906,-7.75,0.0,Genentech,tyk2_genentech/jacs_set_tyk2/results_data
-6.249612845207395,0.4677256243516301,-7.434834003448486,0.0,Genentech,jak2_set2_genentech/fragments_jak2_set2/results_data
-9.782401174397137,1.0664272102797767,-9.793952941894531,0.0,Genentech,genentech_mix/merck_cdk8/results_data
-7.963946171801504,0.1314298171492158,-8.363882064819336,0.0,Genentech,jak2_set1_genentech/fragments_jak2_set1/results_data
-8.139645305065702,0.1758923127283235,-6.864231586456299,0.0,Genentech,jak2_set1_genentech/fragments_jak2_set1/results_data
-8.830732891368358,0.287975152234338,-8.860579490661621,0.0,Genentech,jak2_set1_genentech/fragments_jak2_set1/results_data
-6.437037209251109,0.4352467434765822,-6.198638439178467,0.0,Genentech,jak2_set1_genentech/fragments_jak2_set1/results_data
-5.967039442200111,0.1349604898347905,-5.986692905426025,0.0,Genentech,jak2_set1_genentech/fragments_jak2_set1/results_data
-10.332850747419034,0.1030111966677115,-10.529999732971191,0.0,Genentech,tyk2_genentech/jacs_set_tyk2/results_data
-11.268648738066544,0.384210921720901,-11.191304206848145,0.0,Genentech,genentech_mix/merck_cdk8/results_data
-11.950917143215392,0.3528532997882924,-11.283177375793455,0.0,Genentech,genentech_mix/merck_cdk8/results_data
-11.385254535263805,0.3649660370564208,-11.524834632873535,0.0,Genentech,genentech_mix/merck_cdk8/results_data
-12.717251004774798,0.3035357279596758,-11.696293830871582,0.0,Genentech,genentech_mix/merck_cdk8/results_data
-12.320066245597898,0.339531622359709,-11.93795108795166,0.0,Genentech,genentech_mix/merck_cdk8/results_data
-8.34008287977663,0.2540195981401897,-9.606385231018066,0.0,Genentech,btk_genentech/misc_btk/results_data
-8.377243106586748,0.3444794098760661,-9.084606170654297,0.0,Genentech,btk_genentech/misc_btk/results_data
-8.670249164998221,0.2642180858495719,-8.33090591430664,0.0,Genentech,btk_genentech/misc_btk/results_data
-6.884212691799808,0.2923917569380103,-7.687934875488281,0.0,Genentech,btk_genentech/misc_btk/results_data
-12.547666705029522,0.2947854422400538,-11.524829864501951,0.0,Genentech,btk_genentech/misc_btk/results_data
-12.28526747481934,0.2571431329827518,-10.870059967041016,0.0,Genentech,btk_genentech/misc_btk/results_data
-7.402503942248414,0.1160510155377269,-7.90701150894165,0.0,Genentech,jak2_set1_genentech/fragments_jak2_set1/results_data
-7.766310577968832,0.1726860070302902,-7.789802551269531,0.0,Genentech,jak2_set1_genentech/fragments_jak2_set1/results_data
-8.327859645864063,0.1620535863007008,-8.774560928344727,0.0,Genentech,jak2_set1_genentech/fragments_jak2_set1/results_data
-3.771822428981107,0.230298030317479,-5.235617160797119,0.0,Genentech,jak2_set1_genentech/fragments_jak2_set1/results_data
-8.11058001031737,0.1492076478401198,-7.143977165222168,0.0,Genentech,jak2_set1_genentech/fragments_jak2_set1/results_data
-7.485280916282359,0.3344978137119999,-9.01440715789795,0.0,Genentech,genentech_mix/merck_cdk8/results_data
-10.32628791163948,0.1430520678696504,-9.210000038146973,0.0,Genentech,tyk2_genentech/jacs_set_tyk2/results_data
-10.07066005021764,0.1833343236697064,-10.107617378234863,0.0,Genentech,jak2_set2_genentech/fragments_jak2_set2/results_data
-10.647831595418896,0.2362418718509666,-9.549580574035645,0.0,Genentech,genentech_mix/merck_cdk8/results_data
-13.198412997103596,0.2492520803413824,-11.283177375793455,0.0,Genentech,genentech_mix/merck_cdk8/results_data
-11.078524763554078,0.6531630510601846,-11.191304206848145,0.0,Genentech,genentech_mix/merck_cdk8/results_data
-12.963272230457717,0.2919577321028866,-10.698603630065918,0.0,Genentech,genentech_mix/merck_cdk8/results_data
-9.888959749802702,0.519804945686761,-10.215289115905762,0.0,Genentech,genentech_mix/merck_cdk8/results_data
-8.682601309006571,0.5343019634081282,-9.754467964172363,0.0,Genentech,genentech_mix/merck_cdk8/results_data
-10.917972338333383,0.5258924318232815,-10.28548812866211,0.0,Genentech,genentech_mix/merck_cdk8/results_data
-7.5249991464244275,0.6374241192725415,-8.337959289550781,0.0,Genentech,genentech_mix/merck_cdk8/results_data
-8.928296917429122,0.8363547986595502,-8.463898658752441,0.0,Genentech,genentech_mix/merck_cdk8/results_data
-7.656308861130542,0.4055164682138741,-8.992732048034668,0.0,Genentech,genentech_mix/merck_cdk8/results_data
-9.36071160775658,0.5017467622747426,-10.97872543334961,0.0,Genentech,genentech_mix/merck_cdk8/results_data
-7.554822163705206,0.4489277560062054,-9.290130615234377,0.0,Genentech,genentech_mix/merck_cdk8/results_data
-10.212129501356868,0.5060768140474644,-9.256064414978027,0.0,Genentech,genentech_mix/merck_cdk8/results_data
-12.231018466915868,0.4429781614318425,-11.524834632873535,0.0,Genentech,genentech_mix/merck_cdk8/results_data
-13.6989262212792,0.2674638724264083,-11.191304206848145,0.0,Genentech,genentech_mix/merck_cdk8/results_data
-13.295726067172785,0.2371009619526388,-11.524834632873535,0.0,Genentech,genentech_mix/merck_cdk8/results_data
-11.01835880312712,0.2650674889587011,-10.737068176269531,0.0,Genentech,genentech_mix/merck_cdk8/results_data
-8.641482860176533,0.1863984818950962,-10.344158172607422,0.0,Genentech,genentech_mix/merck_cdk8/results_data
-9.62416295038177,0.8593525794149384,-11.111719131469728,0.0,Genentech,genentech_mix/merck_cdk8/results_data
-10.23313643137871,0.406822624634913,-11.93795108795166,0.0,Genentech,genentech_mix/merck_cdk8/results_data
-6.731633974912553,0.5189930847366325,-7.687934875488281,0.0,Genentech,genentech_mix/merck_cdk8/results_data
-10.116381790305976,0.4391733283501283,-11.283177375793455,0.0,Genentech,genentech_mix/merck_cdk8/results_data
-11.3575389522418,0.3820466204167737,-11.524834632873535,0.0,Genentech,genentech_mix/merck_cdk8/results_data
-12.1960436659208,0.3394784184647814,-11.524834632873535,0.0,Genentech,genentech_mix/merck_cdk8/results_data
-8.99775273552881,0.0821079934421809,-8.601290702819824,0.0,Janssen,janssen_public/waterset_thrombin/results_data
-5.1949854527589805,0.2902180669386663,-5.880000114440918,0.0,Janssen,janssen_public/fragments_mcl1/results_data
-13.140122028503477,0.3476530426193807,-13.06863021850586,0.0,Janssen,janssen_public/waterset_chk1/results_data
-13.033079064995146,0.3459800035085451,-13.06863021850586,0.0,Janssen,janssen_public/waterset_chk1/results_data
-9.51375130681604,0.5247386679465107,-8.612431526184082,0.0,Janssen,janssen_public/waterset_chk1/results_data
-9.761301150573098,0.394349473226858,-10.870059967041016,0.0,Janssen,janssen_public/waterset_chk1/results_data
-10.94924899561413,0.2739856819528531,-10.978730201721191,0.0,Janssen,janssen_public/waterset_chk1/results_data
-10.993969719693531,0.2500708593828564,-11.781579971313477,0.0,Janssen,janssen_public/waterset_chk1/results_data
-8.87105828041373,0.2392875913364635,-10.082300186157228,0.0,Janssen,janssen_public/waterset_chk1/results_data
-10.055920887328307,0.2118470133663683,-9.549579620361328,0.0,Janssen,janssen_public/waterset_chk1/results_data
-9.425810157572243,0.2378863480938381,-10.043829917907717,0.0,Janssen,janssen_public/waterset_chk1/results_data
-9.028562570300712,0.2163093738630104,-10.249360084533691,0.0,Janssen,janssen_public/waterset_chk1/results_data
-7.908464922307228,0.0574693372866484,-9.256064414978027,0.0,Janssen,janssen_public/waterset_thrombin/results_data
-8.217327341911421,0.227811446207167,-9.910837173461914,0.0,Janssen,janssen_public/waterset_thrombin/results_data
-8.514858234826677,0.1753582714316111,-5.654734134674072,0.0,Janssen,janssen_public/waterset_thrombin/results_data
-8.826572249360783,0.1057863314518331,-7.285645008087158,0.0,Janssen,janssen_public/waterset_thrombin/results_data
-6.597186338171177,0.1764216059055983,-5.809999942779541,0.0,Janssen,janssen_public/fragments_mcl1/results_data
-11.090863261696736,0.2482865020377395,-10.323949813842772,0.0,Janssen,janssen_public/waterset_chk1/results_data
-10.143064062289293,0.2813827669160119,-9.920853614807127,0.0,Janssen,janssen_public/waterset_chk1/results_data
-5.90042566150025,0.1436614220992022,-5.480000019073486,0.0,Janssen,janssen_public/fragments_mcl1/results_data
-3.6219125515907846,0.1394150339476262,-5.210000038146973,0.0,Janssen,janssen_public/fragments_mcl1/results_data
-6.465283778794007,0.1616409368595589,-6.659999847412109,0.0,Janssen,janssen_public/fragments_t4_lysozyme/results_data
-4.674839017157448,0.1323312422239367,-4.630000114440918,0.0,Janssen,janssen_public/fragments_t4_lysozyme/results_data
-4.855296055234668,0.1037063092768587,-5.480000019073486,0.0,Janssen,janssen_public/fragments_t4_lysozyme/results_data
-6.184611451526378,0.1272145103768902,-6.440000057220459,0.0,Janssen,janssen_public/fragments_t4_lysozyme/results_data
-6.934094711845742,0.0895411564861744,-8.008489608764648,0.0,Janssen,janssen_public/waterset_thrombin/results_data
-12.596277026785122,0.1458298833439422,-10.149999618530272,0.0,Janssen,janssen_public/waterset_hsp90_kung/results_data
-5.950394959099571,0.1846211213336152,-6.369999885559082,0.0,Janssen,janssen_public/fragments_mcl1/results_data
-15.72048430827088,1.3809555049986872,-13.177300453186035,0.0,Janssen,janssen_public/waterset_chk1/results_data
-7.870896208076185,0.0910140299382742,-8.120434761047363,0.0,Janssen,janssen_public/waterset_thrombin/results_data
-7.057096727155189,0.1895850042591577,-5.550000190734863,0.0,Janssen,janssen_public/fragments_mcl1/results_data
-7.755217461006804,0.1494621306738422,-6.389999866485596,0.0,Janssen,janssen_public/fragments_mcl1/results_data
-7.990681422447676,0.1582883489647624,-8.647159576416016,0.0,Janssen,janssen_public/waterset_thrombin/results_data
-5.302132009024055,0.1698057550019646,-6.039999961853027,0.0,Janssen,janssen_public/fragments_mcl1/results_data
-4.558451710450588,0.3285691385376599,-5.610000133514404,0.0,Janssen,janssen_public/fragments_mcl1/results_data
-4.942445009949204,0.4296859063949271,-5.309999942779541,0.0,Janssen,janssen_public/fragments_mcl1/results_data
-5.722416670184154,0.138660130438816,-5.329999923706055,0.0,Janssen,janssen_public/fragments_mcl1/results_data
-5.417335430035756,0.1717168367979736,-5.039999961853027,0.0,Janssen,janssen_public/fragments_mcl1/results_data
-6.422512154485897,0.1715841624239175,-7.409305095672607,0.0,Janssen,janssen_public/waterset_thrombin/results_data
-7.8664612216890175,0.1248507776015868,-7.254891872406006,0.0,Janssen,janssen_public/waterset_thrombin/results_data
-8.08334263742403,0.0553411354575245,-7.920000076293945,0.0,Janssen,janssen_public/waterset_hsp90_kung/results_data
-8.642165640073868,0.0752888042068162,-8.119999885559082,0.0,Janssen,janssen_public/waterset_taf12/results_data
-9.59241711467638,0.1107359715727469,-10.0,0.0,Janssen,janssen_public/waterset_taf12/results_data
-11.592849935153229,0.0541179005779715,-9.1899995803833,0.0,Janssen,janssen_public/waterset_hsp90_kung/results_data
-8.772610601830301,0.0800985694709923,-7.820000171661377,0.0,Janssen,janssen_public/waterset_hsp90_kung/results_data
-6.611485358724263,0.1281964806405944,-6.122768878936768,0.0,Janssen,janssen_public/waterset_thrombin/results_data
-12.262328322245397,0.1031911071462264,-10.329999923706056,0.0,Janssen,janssen_public/waterset_hsp90_kung/results_data
-12.02756494426196,0.0511438650528049,-10.82235622406006,0.0,Janssen,janssen_public/waterset_urokinase/results_data
-9.920376674521089,0.0462885731606422,-10.5656099319458,0.0,Janssen,janssen_public/waterset_urokinase/results_data
-8.969918207428291,0.0415206000546939,-9.802173614501951,0.0,Janssen,janssen_public/waterset_urokinase/results_data
-8.92377873885213,0.0409949186027232,-8.651498794555664,0.0,Janssen,janssen_public/waterset_urokinase/results_data
-9.2766348790058,0.1143735091419781,-10.628399848937988,0.0,Janssen,janssen_public/waterset_scytalone_dehydratase/results_data
-18.003747401445032,0.0993948194894765,-15.251520156860352,0.0,Janssen,janssen_public/waterset_scytalone_dehydratase/results_data
-11.30989574068498,0.1176338231635399,-9.405847549438477,0.0,Janssen,janssen_public/waterset_scytalone_dehydratase/results_data
-13.254493686087368,0.1129850996858687,-13.253490447998049,0.0,Janssen,janssen_public/waterset_scytalone_dehydratase/results_data
-15.263597494023868,0.0913162070092354,-15.34340000152588,0.0,Janssen,janssen_public/waterset_scytalone_dehydratase/results_data
-10.403255442276812,0.0994271999334081,-13.481749534606934,0.0,Janssen,janssen_public/waterset_scytalone_dehydratase/results_data
-9.046051671783763,0.0909739635184516,-9.19326877593994,0.0,Janssen,janssen_public/waterset_scytalone_dehydratase/results_data
-4.983902731792804,0.0924584284601924,-5.079999923706055,0.0,Janssen,janssen_public/fragments_t4_lysozyme/results_data
-6.4705708788384015,0.0867047226681491,-5.71999979019165,0.0,Janssen,janssen_public/fragments_t4_lysozyme/results_data
-3.3794356654904,0.0984116392299177,-4.71999979019165,0.0,Janssen,janssen_public/fragments_t4_lysozyme/results_data
-7.040000847785132,0.1054781184675894,-6.510000228881836,0.0,Janssen,janssen_public/fragments_t4_lysozyme/results_data
-5.097007308154521,0.1317754842116106,-4.53000020980835,0.0,Janssen,janssen_public/fragments_t4_lysozyme/results_data
-4.291542514521443,0.1898171220045794,-4.570000171661377,0.0,Janssen,janssen_public/fragments_t4_lysozyme/results_data
-4.681221972610485,0.1568799235746938,-5.159999847412109,0.0,Janssen,janssen_public/fragments_t4_lysozyme/results_data
-6.7562878925352505,0.1338403098206657,-5.380000114440918,0.0,Janssen,janssen_public/fragments_t4_lysozyme/results_data
-8.502373443830727,0.1183514773161056,-8.529999732971191,0.0,Janssen,janssen_public/waterset_taf12/results_data
-8.407485254747758,0.0619771772902157,-7.690000057220459,0.0,Janssen,janssen_public/waterset_taf12/results_data
-11.697422956005616,0.0574317629684598,-9.609999656677246,0.0,Janssen,janssen_public/waterset_hsp90_kung/results_data
-9.431553401600908,0.0990082406497603,-9.859999656677246,0.0,Janssen,janssen_public/waterset_taf12/results_data
-10.680147555769905,0.0547079583203578,-9.1899995803833,0.0,Janssen,janssen_public/waterset_hsp90_kung/results_data
-1.1325490217409353,0.1345304994526774,-6.860000133514404,0.0,Janssen,janssen_public/waterset_hsp90_kung/results_data
-8.470189062131986,0.1442160272545103,-9.1899995803833,0.0,Janssen,janssen_public/waterset_hsp90_kung/results_data
-1.8121837893826165,0.1619682532962797,-9.40999984741211,0.0,Janssen,janssen_public/waterset_hsp90_kung/results_data
-8.205621773288227,0.1484460044336226,-7.624663829803467,0.0,Janssen,janssen_public/waterset_thrombin/results_data
-9.080637116305663,0.1641743103600176,-9.03689956665039,0.0,Janssen,janssen_public/waterset_thrombin/results_data
-7.449726810921257,0.0883485077036137,-7.285645008087158,0.0,Janssen,janssen_public/waterset_thrombin/results_data
-6.606736122214187,0.0721010933248229,-7.409305095672607,0.0,Janssen,janssen_public/waterset_thrombin/results_data
-8.390395831845186,0.0584747125051714,-8.279999732971191,0.0,Janssen,janssen_public/waterset_taf12/results_data
-8.565445700669214,0.2470683262660896,-9.01440715789795,0.0,Janssen,janssen_public/waterset_thrombin/results_data
-9.058147484740193,0.2848841341159285,-8.73290729522705,0.0,Janssen,janssen_public/waterset_thrombin/results_data
-5.856293055222741,0.10170399507845,-6.793628215789795,0.0,Janssen,janssen_public/waterset_thrombin/results_data
-8.237582126012557,0.0600777016990124,-8.579615592956543,0.0,Janssen,janssen_public/waterset_thrombin/results_data
-13.310097031594427,0.1291458940301268,-10.739999771118164,0.0,Janssen,janssen_public/waterset_hsp90_kung/results_data
-6.425433873226042,0.151907374575082,-6.630871772766113,0.0,Janssen,janssen_public/waterset_thrombin/results_data
-8.389349544097346,0.0759887873588879,-8.34000015258789,0.0,Janssen,janssen_public/waterset_taf12/results_data
-8.174259025261861,0.0592782501814492,-8.710000038146973,0.0,Janssen,janssen_public/waterset_taf12/results_data
-8.552089443832937,0.1003131123545757,-8.930000305175781,0.0,Janssen,janssen_public/waterset_hsp90_woodhead/results_data
-9.088435999277182,0.0972227977009419,-8.079999923706055,0.0,Janssen,janssen_public/waterset_hsp90_woodhead/results_data
-10.842314684122204,0.0948001739747693,-12.720000267028809,0.0,Janssen,janssen_public/waterset_hsp90_woodhead/results_data
-11.987160139796492,0.2591745085395235,-10.739999771118164,0.0,Janssen,janssen_public/waterset_hsp90_woodhead/results_data
-8.349314965643233,0.1016934086624856,-6.616480827331543,0.0,Janssen,janssen_public/waterset_thrombin/results_data
-7.977754534709691,0.2023167598829077,-8.596160888671875,0.0,Merck,merck_cmet/merck_cmet/results_data
-8.550569850561605,0.1299531256754593,-9.139049530029297,0.0,Merck,merck_cmet/merck_cmet/results_data
-9.581134340972858,0.1209809241478492,-10.063709259033203,0.0,Merck,merck_cmet/merck_cmet/results_data
-9.71176974159865,0.1934428559572825,-10.857505798339844,0.0,Merck,merck_cmet/merck_cmet/results_data
-9.827744465776938,0.1729305280641284,-9.139049530029297,0.0,Merck,merck_cmet/merck_cmet/results_data
-11.384250789622737,0.3541951291061657,-9.612153053283691,0.0,Merck,merck_cmet/merck_cmet/results_data
-12.598567359670144,0.1817700741649069,-10.420489311218262,0.0,Merck,merck_cmet/merck_cmet/results_data
-6.015774903837448,0.1943820842661939,-7.745894908905029,0.0,Merck,merck_cmet/merck_cmet/results_data
-9.123784408605708,0.1770380486961364,-8.72836971282959,0.0,Merck,merck_cmet/merck_cmet/results_data
-7.50022341697959,0.1216799378789587,-8.89881706237793,0.0,Merck,merck_cmet/merck_cmet/results_data
-5.289774395959503,0.1527217194301041,-7.460412979125977,0.0,Merck,merck_cmet/merck_cmet/results_data
-9.320660078471787,0.1676059418703955,-7.33521556854248,0.0,Merck,merck_cmet/merck_cmet/results_data
-12.88424380605218,0.3439308588595848,-12.27822208404541,0.0,Merck,merck_cmet/merck_cmet/results_data
-10.540659702857893,0.3066427075266627,-11.689735412597656,0.0,Merck,merck_cmet/merck_cmet/results_data
-5.788657993911507,0.1488248860220498,-6.170323371887207,0.0,Merck,merck_cmet/merck_cmet/results_data
-7.314781310517004,0.2048939146661334,-7.197390079498291,0.0,Merck,merck_cmet/merck_cmet/results_data
-10.370514277858096,0.167820198771618,-10.09261703491211,0.0,Merck,merck_cmet/merck_cmet/results_data
-8.631944535674284,0.4615411924992657,-10.24363613128662,0.0,Merck,merck_hif2a/merck_hif2a/results_data
-11.475632170994908,0.1406932204958076,-10.59958553314209,0.0,Merck,merck_hif2a/merck_hif2a/results_data
-8.066024078071951,0.3950428990079186,-9.30949592590332,0.0,Merck,merck_hif2a/merck_hif2a/results_data
-10.173152097549837,0.2185908036216611,-8.699462890625,0.0,Merck,merck_hif2a/merck_hif2a/results_data
-8.130626978591112,0.233217522233273,-7.5754475593566895,0.0,Merck,merck_hif2a/merck_hif2a/results_data
-10.125247513120224,0.1609802243987192,-11.010265350341797,0.0,Merck,merck_hif2a/merck_hif2a/results_data
-9.240311847325504,0.3150295231804721,-10.75852870941162,0.0,Merck,merck_hif2a/merck_hif2a/results_data
-8.688426033008597,0.289366362499747,-9.71232795715332,0.0,Merck,merck_hif2a/merck_hif2a/results_data
-9.843176826710348,0.5221293288629255,-9.549728393554688,0.0,Merck,merck_hif2a/merck_hif2a/results_data
-8.49980821250754,0.6662010012286042,-9.235339164733888,0.0,Merck,merck_hif2a/merck_hif2a/results_data
-9.750301065479425,0.1654635581927355,-10.347848892211914,0.0,Merck,merck_hif2a/merck_hif2a/results_data
-10.335781768322091,0.1919866013272812,-10.022831916809082,0.0,Merck,merck_hif2a/merck_hif2a/results_data
-10.419167131693294,0.4200871912147542,-10.28314971923828,0.0,Merck,merck_hif2a/merck_hif2a/results_data
-13.265873060112838,0.1424915393214995,-10.67374324798584,0.0,Merck,merck_hif2a/merck_hif2a/results_data
-13.212818858943326,0.235410416262543,-10.533686637878418,0.0,Merck,merck_hif2a/merck_hif2a/results_data
-10.462711660600192,0.1312120438334264,-9.73618984222412,0.0,Merck,merck_hif2a/merck_hif2a/results_data
-11.076430556644942,0.1236124507970767,-10.5032958984375,0.0,Merck,merck_hif2a/merck_hif2a/results_data
-9.183453664197817,0.2281775129948302,-10.107617378234863,0.0,Merck,merck_hif2a/merck_hif2a/results_data
-4.766196518527093,0.5158855752347329,-6.764764785766602,0.0,Merck,merck_hif2a/merck_hif2a/results_data
-7.1595843963997154,0.2390011849970248,-9.549728393554688,0.0,Merck,merck_hif2a/merck_hif2a/results_data
-8.534237943150433,0.3282056390583667,-9.823477745056152,0.0,Merck,merck_hif2a/merck_hif2a/results_data
-9.96818659497844,0.2062656209558764,-10.91397476196289,0.0,Merck,merck_hif2a/merck_hif2a/results_data
-10.696075361001812,0.1271413784124156,-11.324654579162598,0.0,Merck,merck_hif2a/merck_hif2a/results_data
-10.697196620101844,0.2151906374035832,-8.93969440460205,0.0,Merck,merck_hif2a/merck_hif2a/results_data
-10.395913781032943,0.2077467103563609,-9.787005424499512,0.0,Merck,merck_hif2a/merck_hif2a/results_data
-10.4399506884595,0.3045598672486815,-11.169207572937012,0.0,Merck,merck_cmet/merck_cmet/results_data
-11.05792497417907,0.2891291003113133,-10.91397476196289,0.0,Merck,merck_cmet/merck_cmet/results_data
-7.239606740975152,0.2905018399605467,-10.67374324798584,0.0,Merck,merck_hif2a/merck_hif2a/results_data
-13.863265944803812,0.2698318901227933,-10.75852870941162,0.0,Merck,merck_hif2a/merck_hif2a/results_data
-10.607730970744456,0.5943870810749263,-9.660125732421877,0.0,Merck,merck_hif2a/merck_hif2a/results_data
-12.660051570367177,0.4489667966388044,-10.565720558166504,0.0,Merck,merck_hif2a/merck_hif2a/results_data
-11.317139566516868,0.251508915090212,-10.565720558166504,0.0,Merck,merck_hif2a/merck_hif2a/results_data
-9.604835139003836,0.2610767845328848,-8.842347145080566,0.0,Merck,merck_hif2a/merck_hif2a/results_data
-7.664056232142482,0.4682911748925634,-9.696937561035156,0.0,Merck,merck_hif2a/merck_hif2a/results_data
-4.660806533172584,0.227791483178278,-7.394513607025146,0.0,Merck,merck_hif2a/merck_hif2a/results_data
-11.33554583070054,0.5589746901884778,-10.17173194885254,0.0,Merck,merck_hif2a/merck_hif2a/results_data
-10.810124444239555,0.1655687733293807,-10.67374324798584,0.0,Merck,merck_hif2a/merck_hif2a/results_data
-12.40362181590562,0.1278427169457822,-11.046184539794922,0.0,Merck,merck_hif2a/merck_hif2a/results_data
-12.763998556476691,0.2350968037488758,-10.123006820678713,0.0,Merck,merck_hif2a/merck_hif2a/results_data
-7.670783608907948,0.3005719940237754,-10.123006820678713,0.0,Merck,merck_hif2a/merck_hif2a/results_data
-8.432985124311262,0.4224109422300299,-7.067420959472656,0.0,Merck,merck_hif2a/merck_hif2a/results_data
-12.493880423982846,0.2925392090339783,-8.72836971282959,0.0,Merck,merck_cmet/merck_cmet/results_data
-7.668521293827478,0.1330303381590208,-9.612153053283691,0.0,Merck,merck_cmet/merck_cmet/results_data
-12.974732711358945,0.4472658769161695,-12.27822208404541,0.0,Merck,merck_cmet/merck_cmet/results_data
-11.33161397204378,0.3201775844597856,-11.24702262878418,0.0,Merck,merck_cmet/merck_cmet/results_data
-11.904798041400412,0.3097623307255721,-12.27822208404541,0.0,Merck,merck_cmet/merck_cmet/results_data
-10.901891550946734,0.4477090443613233,-10.123006820678713,0.0,Merck,merck_hif2a/merck_hif2a/results_data
-8.753564068090782,0.1639052715566004,-9.99706745147705,0.0,Merck,merck_hif2a/merck_hif2a/results_data
-10.208883343579746,0.1363823511232323,-11.4399995803833,0.0,Roche,roche_mix/jacs_p38/results_data
-11.383580568288814,0.1072803798440622,-12.260000228881836,0.0,Roche,roche_mix/jacs_p38/results_data
-7.900217702979522,0.169950738465558,-8.970000267028809,0.0,Roche,roche_mix/jacs_p38/results_data
-11.495939902141656,0.20087288405425,-11.850000381469728,0.0,Roche,roche_mix/jacs_p38/results_data
-9.977612500049531,0.3385357335981629,-10.829999923706056,0.0,Roche,roche_mix/jacs_p38/results_data
-11.697599799993656,0.4248646482159847,-10.960000038146973,0.0,Roche,roche_mix/jacs_p38/results_data
-12.535235193295684,0.3355352204097923,-12.260000228881836,0.0,Roche,roche_mix/jacs_p38/results_data
-14.209376378470989,0.4073271471171794,-9.93000030517578,0.0,Roche,roche_mix/jacs_p38/results_data
-11.793465013662626,0.5925080412612868,-9.270000457763672,0.0,Roche,roche_mix/jacs_p38/results_data
-10.131961041059425,0.1209168031425264,-8.479999542236328,0.0,Roche,roche_mix/jacs_p38/results_data
-9.249475269513932,0.1208142415416344,-10.699999809265137,0.0,Roche,roche_mix/jacs_p38/results_data
-11.42647107034885,0.4492318176392823,-10.68000030517578,0.0,Roche,roche_mix/jacs_p38/results_data
-10.00020677802477,0.212718314928991,-11.420000076293944,0.0,Roche,roche_mix/jacs_p38/results_data
-10.422133522612896,0.4059225921631428,-10.359999656677246,0.0,Roche,roche_mix/jacs_p38/results_data
-10.444386151326675,0.1323406241202783,-12.260000228881836,0.0,Roche,roche_mix/jacs_p38/results_data
-10.072172585641924,0.1153687553093176,-10.079999923706056,0.0,Roche,roche_mix/jacs_p38/results_data
-8.995799143275056,0.1364497640674936,-10.550000190734863,0.0,Roche,roche_mix/jacs_p38/results_data
-8.773674161762635,0.1519630273894214,-10.65999984741211,0.0,Roche,roche_mix/jacs_p38/results_data
-12.203548431437602,0.127558826550364,-11.850000381469728,0.0,Roche,roche_mix/jacs_p38/results_data
-11.247386050386176,0.3655472142918222,-10.789999961853027,0.0,Roche,roche_mix/jacs_p38/results_data
-10.604465946664734,0.4420328340390079,-11.109999656677246,0.0,Roche,roche_mix/jacs_p38/results_data
-12.331221872593396,0.2186087440594811,-12.260000228881836,0.0,Roche,roche_mix/jacs_p38/results_data
-11.472299799563196,0.4526093572175337,-10.489999771118164,0.0,Roche,roche_mix/jacs_p38/results_data
-9.605106130016493,0.612310234876807,-9.779999732971191,0.0,Roche,roche_mix/jacs_p38/results_data
-9.42274539069784,0.1933852737383933,-10.229999542236328,0.0,Roche,roche_mix/jacs_p38/results_data
-12.832267719327938,0.521112782708523,-11.829999923706056,0.0,Roche,roche_mix/jacs_p38/results_data
-9.647989150518333,1.088690480112567,-9.0600004196167,0.0,Roche,roche_mix/jacs_p38/results_data
-10.733074521207405,0.2830544512818004,-11.199999809265137,0.0,Roche,roche_mix/jacs_p38/results_data
-10.09025273662888,0.1566908996201723,-10.050000190734863,0.0,Roche,roche_mix/jacs_p38/results_data
-8.210656032302579,0.1007530154084361,-8.199999809265137,0.0,Roche,roche_mix/fragments_mup1/results_data
-10.082004008281196,0.1032955720889121,-10.880000114440918,0.0,Roche,roche_mix/jacs_p38/results_data
-6.758346961183735,0.4249912153619497,-9.633000373840332,0.0,Roche,roche_mix/jacs_bace/results_data
-10.343132046229377,0.4748241881694423,-10.02299976348877,0.0,Roche,roche_mix/jacs_bace/results_data
-10.341667041332798,0.3160537380415401,-9.86299991607666,0.0,Roche,roche_mix/jacs_bace/results_data
-8.496253359853867,0.6811169646944442,-9.42300033569336,0.0,Roche,roche_mix/jacs_bace/results_data
-10.25071466757848,0.3413229147982424,-9.42300033569336,0.0,Roche,roche_mix/jacs_bace/results_data
-10.898604005596464,0.3294948045340981,-10.732999801635742,0.0,Roche,roche_mix/jacs_bace/results_data
-10.197589178053876,0.3034922810764555,-10.472999572753906,0.0,Roche,roche_mix/jacs_bace/results_data
-9.338085108888276,0.2439030018589638,-8.732999801635742,0.0,Roche,roche_mix/jacs_bace/results_data
-8.1957711931432,0.2721789250380745,-8.543000221252441,0.0,Roche,roche_mix/jacs_bace/results_data
-10.192474847690518,0.3043817632361452,-9.472999572753906,0.0,Roche,roche_mix/jacs_bace/results_data
-10.565421916702933,0.4744239812710437,-10.02299976348877,0.0,Roche,roche_mix/jacs_bace/results_data
-8.932327033512017,0.388169130339809,-9.743000030517578,0.0,Roche,roche_mix/jacs_bace/results_data
-8.807387576432788,0.4017826060338435,-8.262999534606934,0.0,Roche,roche_mix/jacs_bace/results_data
-10.135040154766816,0.2971910976512081,-9.093000411987305,0.0,Roche,roche_mix/jacs_bace/results_data
-6.405348746826651,0.3386419916931009,-9.123000144958496,0.0,Roche,roche_mix/jacs_bace/results_data
-10.499528739485148,0.4074706908972713,-9.963000297546388,0.0,Roche,roche_mix/jacs_bace/results_data
-9.65535318084489,0.2566297258263385,-8.762999534606934,0.0,Roche,roche_mix/jacs_bace/results_data
-9.264569724579264,0.2451337633902121,-9.383000373840332,0.0,Roche,roche_mix/jacs_bace/results_data
-7.794365534692531,0.273849665038999,-8.543000221252441,0.0,Roche,roche_mix/jacs_bace/results_data
-10.078021362942652,0.6317339199677883,-9.27299976348877,0.0,Roche,roche_mix/jacs_bace/results_data
-10.22549260055067,0.3036858181585562,-10.333000183105469,0.0,Roche,roche_mix/jacs_bace/results_data
-8.821181402078581,0.2400482583416639,-9.093000411987305,0.0,Roche,roche_mix/jacs_bace/results_data
-10.293355744972942,0.21941278148214,-10.083000183105469,0.0,Roche,roche_mix/jacs_bace/results_data
-7.741716381488194,0.2944623755720617,-9.322999954223633,0.0,Roche,roche_mix/jacs_bace/results_data
-8.090560018768425,0.1953739001321068,-8.843000411987305,0.0,Roche,roche_mix/jacs_bace/results_data
-9.319229471571692,0.2510073174672464,-9.70300006866455,0.0,Roche,roche_mix/jacs_bace/results_data
-10.271142879424184,0.1223584855573421,-9.489999771118164,0.0,Roche,roche_mix/jacs_p38/results_data
-9.884455226662643,0.2896546883879164,-9.11299991607666,0.0,Roche,roche_mix/jacs_bace/results_data
-10.18713167971686,0.2287111596369144,-9.152999877929688,0.0,Roche,roche_mix/jacs_bace/results_data
-9.13807601822012,0.1469754476966439,-9.479999542236328,0.0,Roche,roche_mix/jacs_p38/results_data
-11.63944873910713,0.214211074595147,-10.460000038146973,0.0,Roche,roche_mix/jacs_p38/results_data
-10.540780403602689,0.107383564394069,-10.65999984741211,0.0,Roche,roche_mix/jacs_p38/results_data
-5.275867267205506,0.2932392039337451,-5.829999923706055,0.0,Roche,roche_mix/fragments_liga/results_data
-3.557681066559237,0.135459063123406,-4.800000190734863,0.0,Roche,roche_mix/fragments_liga/results_data
-5.193786162226125,0.1374088460377815,-6.5,0.0,Roche,roche_mix/fragments_liga/results_data
-3.8219362066534432,0.1594424031996787,-6.03000020980835,0.0,Roche,roche_mix/fragments_liga/results_data
-12.738399728842122,0.3880871971110383,-9.050000190734863,0.0,Roche,roche_mix/fragments_liga/results_data
-13.014931908027874,0.4012378084034594,-10.670000076293944,0.0,Roche,roche_mix/fragments_liga/results_data
-4.360652920566087,0.1585146981221956,-5.300000190734863,0.0,Roche,roche_mix/fragments_liga/results_data
-10.208265657207804,0.2173975858852235,-9.079999923706056,0.0,Roche,roche_mix/fragments_liga/results_data
-6.5105414602117095,0.1740735508895926,-6.380000114440918,0.0,Roche,roche_mix/fragments_liga/results_data
-4.488221229520395,0.135739861688847,-5.25,0.0,Roche,roche_mix/fragments_liga/results_data
-6.259717174992352,0.1525250338787192,-6.539999961853027,0.0,Roche,roche_mix/fragments_liga/results_data
-5.094456409480001,0.1041633207120688,-5.639999866485596,0.0,Roche,roche_mix/fragments_mup1/results_data
-8.122548185053443,0.1040381336792662,-7.849999904632568,0.0,Roche,roche_mix/fragments_mup1/results_data
-9.45216840011497,0.1033879624798043,-8.420000076293945,0.0,Roche,roche_mix/fragments_mup1/results_data
-6.645494823226029,0.094709335160237,-6.960000038146973,0.0,Roche,roche_mix/fragments_mup1/results_data
-9.257533227285313,0.1008196759680511,-9.09000015258789,0.0,Roche,roche_mix/fragments_mup1/results_data
-8.280816643446354,0.2579679772341365,-7.853000164031982,0.0,Roche,roche_mix/jacs_bace/results_data
-8.445196725168161,0.2639020432073522,-9.343000411987305,0.0,Roche,roche_mix/jacs_bace/results_data
-9.029960940662294,0.265063487993899,-7.933000087738037,0.0,Roche,roche_mix/jacs_bace/results_data
-9.256880829334412,0.796376181213866,-7.853000164031982,0.0,Roche,roche_mix/jacs_bace/results_data
-11.446755485143218,0.3915107491654174,-11.350000381469728,0.0,Roche,roche_mix/jacs_bace/results_data
-9.020943516351842,0.2332119953290635,-9.02299976348877,0.0,Roche,roche_mix/jacs_bace/results_data
-10.466565931309743,0.3140407056942769,-9.633000373840332,0.0,Roche,roche_mix/jacs_bace/results_data
-8.554757559211513,0.314107285466917,-9.093000411987305,0.0,Roche,roche_mix/jacs_bace/results_data
